-- phpMyAdmin SQL Dump
-- version 5.2.1
-- https://www.phpmyadmin.net/
--
-- Host: 127.0.0.1
-- Generation Time: Apr 09, 2025 at 07:26 AM
-- Server version: 10.4.32-MariaDB
-- PHP Version: 8.2.12

SET SQL_MODE = "NO_AUTO_VALUE_ON_ZERO";
START TRANSACTION;
SET time_zone = "+00:00";


/*!40101 SET @OLD_CHARACTER_SET_CLIENT=@@CHARACTER_SET_CLIENT */;
/*!40101 SET @OLD_CHARACTER_SET_RESULTS=@@CHARACTER_SET_RESULTS */;
/*!40101 SET @OLD_COLLATION_CONNECTION=@@COLLATION_CONNECTION */;
/*!40101 SET NAMES utf8mb4 */;

--
-- Database: `greathimalyacalculator`
--

-- --------------------------------------------------------

--
-- Table structure for table `activity_emission_factors`
--

CREATE TABLE `activity_emission_factors` (
  `id` int(11) NOT NULL,
  `activity` varchar(100) DEFAULT NULL,
  `emission_factor` float DEFAULT NULL,
  `unit` varchar(50) DEFAULT NULL
) ENGINE=InnoDB DEFAULT CHARSET=utf8mb4 COLLATE=utf8mb4_general_ci;

--
-- Dumping data for table `activity_emission_factors`
--

INSERT INTO `activity_emission_factors` (`id`, `activity`, `emission_factor`, `unit`) VALUES
(1, 'Standard per day CF', 1.5, 'kg/day'),
(2, 'Balloon flight', 31.5, 'kg/activity'),
(3, 'City trip', 7.4, 'kg/day'),
(4, 'Event', 7.4, 'kg/day'),
(5, 'Golf (1 round)', 11, 'kg/activity'),
(6, 'Scenic flight helicopter', 83.1, 'kg/activity'),
(7, 'Scenic flight plane', 27.7, 'kg/activity');

-- --------------------------------------------------------

--
-- Table structure for table `air_class_multipliers`
--

CREATE TABLE `air_class_multipliers` (
  `id` int(11) NOT NULL,
  `class_name` varchar(50) DEFAULT NULL,
  `multiplier` float DEFAULT NULL
) ENGINE=InnoDB DEFAULT CHARSET=utf8mb4 COLLATE=utf8mb4_general_ci;

--
-- Dumping data for table `air_class_multipliers`
--

INSERT INTO `air_class_multipliers` (`id`, `class_name`, `multiplier`) VALUES
(1, 'Economy', 1),
(2, 'Premium Economy', 1.5),
(3, 'Business Class', 2),
(4, 'First Class', 2.5),
(5, 'Unknown', 1);

-- --------------------------------------------------------

--
-- Table structure for table `combined_emission_factors`
--

CREATE TABLE `combined_emission_factors` (
  `id` int(11) NOT NULL,
  `item` varchar(150) DEFAULT NULL,
  `unit` varchar(50) DEFAULT NULL,
  `emission_factor` float DEFAULT NULL
) ENGINE=InnoDB DEFAULT CHARSET=utf8mb4 COLLATE=utf8mb4_general_ci;

--
-- Dumping data for table `combined_emission_factors`
--

INSERT INTO `combined_emission_factors` (`id`, `item`, `unit`, `emission_factor`) VALUES
(1, 'simple food', 'Meal', 1.65),
(2, 'typical buffet', 'Meal', 2.27),
(3, 'international buffet', 'Meal', 3.93),
(4, 'vegetarian food', 'Meal', 1.12),
(5, 'Local food (homestay)', 'Meal', 1.41),
(6, '1 and 2-star hotels', 'Room-night', 12.17),
(7, '1 and 2-star hotels', 'Guest night', 6.08),
(8, '3-star hotel', 'Room-night', 16.21),
(9, '3-star hotel', 'Guest night', 8.1),
(10, '4-star hotel', 'Room-night', 18.27),
(11, '4-star hotel', 'Guest night', 9.14),
(12, '5-star hotel', 'Room-night', 28.42),
(13, '5-star hotel', 'Guest night', 14.21),
(14, 'The homestay without air conditioning.', 'Room-night', 0.56),
(15, 'The homestay without air conditioning.', 'Guest night', 0.28),
(16, 'The homestay with air conditioning.', 'Room-night', 6.26),
(17, 'The homestay with air conditioning.', 'Guest night', 3.13),
(18, 'Domestic flights', 'pkm', 0.1733),
(19, 'International flights', 'pkm', 0.1143),
(20, 'sky train', 'person/trip', 0.7102),
(21, 'Train', 'person/trip', 0.0536);

-- --------------------------------------------------------

--
-- Table structure for table `emission_factors`
--

CREATE TABLE `emission_factors` (
  `id` int(11) NOT NULL,
  `category` varchar(100) DEFAULT NULL,
  `fuel_type` varchar(255) DEFAULT NULL,
  `sub_category` varchar(100) DEFAULT NULL,
  `unit` varchar(20) DEFAULT NULL,
  `emission_factor` float DEFAULT NULL,
  `reference` text DEFAULT NULL
) ENGINE=InnoDB DEFAULT CHARSET=utf8mb4 COLLATE=utf8mb4_general_ci;

--
-- Dumping data for table `emission_factors`
--

INSERT INTO `emission_factors` (`id`, `category`, `fuel_type`, `sub_category`, `unit`, `emission_factor`, `reference`) VALUES
(1, 'On road', 'Motor Gasoline - uncontrolled', NULL, 'litre', 2.2394, 'IPCC Vol.2 table 3.2.1, 3.2.2, DEDE'),
(2, 'On road', 'Motor Gasoline - oxydation catalyst', NULL, 'litre', 2.2719, 'IPCC Vol.2 table 3.2.1, 3.2.2, DEDE'),
(3, 'On road', 'Motor Gasoline - low mileage light duty vehicle vintage 1995 or later', NULL, 'litre', 2.2327, 'IPCC Vol.2 table 3.2.1, 3.2.2, DEDE'),
(4, 'On road', 'Gas/ Diesel Oil', NULL, 'litre', 2.7406, 'IPCC Vol.2 table 3.2.1, 3.2.2, DEDE'),
(5, 'On road', 'Compressed Natural Gas', NULL, 'kg', 2.2609, 'IPCC Vol.2 table 3.2.1, 3.2.2, PTT'),
(6, 'On road', 'Liquified Petroleum Gas', NULL, 'litre', 1.7306, 'IPCC Vol.2 table 3.2.1, 3.2.2, DEDE'),
(7, 'On road', 'Liquified Petroleum Gas', NULL, 'kg', 3.2049, 'IPCC Vol.2 table 3.2.1, 3.2.2, DEDE LPG 1 litre = 0.54 kg'),
(8, 'Off road', 'Diesel', 'Agriculture', 'litre', 2.9793, 'IPCC Vol.2 table 3.3.1, DEDE'),
(9, 'Off road', 'Diesel', 'Forestry', 'litre', 2.9793, 'IPCC Vol.2 table 3.3.1, DEDE'),
(10, 'Off road', 'Diesel', 'Industry', 'litre', 2.9793, 'IPCC Vol.2 table 3.3.1, DEDE'),
(11, 'Off road', 'Diesel', 'Household', 'litre', 2.9793, 'IPCC Vol.2 table 3.3.1, DEDE'),
(12, 'Off road', 'Motor Gasoline - 4 stroke', 'Agriculture', 'litre', 2.2738, 'IPCC Vol.2 table 3.3.1, DEDE'),
(13, 'Off road', 'Motor Gasoline - 4 stroke', 'Forestry', 'litre', 2.1816, 'IPCC Vol.2 table 3.3.1, DEDE'),
(14, 'Off road', 'Motor Gasoline - 4 stroke', 'Industry', 'litre', 2.2455, 'IPCC Vol.2 table 3.3.1, DEDE'),
(15, 'Off road', 'Motor Gasoline - 4 stroke', 'Household', 'litre', 2.3116, 'IPCC Vol.2 table 3.3.1, DEDE'),
(16, 'Off road', 'Motor Gasoline - 2 stroke', 'Agriculture', 'litre', 2.3171, 'IPCC Vol.2 table 3.3.1, DEDE'),
(17, 'Off road', 'Motor Gasoline - 2 stroke', 'Forestry', 'litre', 2.3454, 'IPCC Vol.2 table 3.3.1, DEDE'),
(18, 'Off road', 'Motor Gasoline - 2 stroke', 'Industry', 'litre', 2.3077, 'IPCC Vol.2 table 3.3.1, DEDE'),
(19, 'Off road', 'Motor Gasoline - 2 stroke', 'Household', 'litre', 2.3549, 'IPCC Vol.2 table 3.3.1, DEDE');

-- --------------------------------------------------------

--
-- Table structure for table `esg_personal_transportation___updated_data`
--

CREATE TABLE `esg_personal_transportation___updated_data` (
  `id` int(11) NOT NULL,
  `Vehicle_Fuel` varchar(74) DEFAULT NULL,
  `Region` int(2) DEFAULT NULL,
  `FuelEfficiency` varchar(3) DEFAULT NULL,
  `CO2` float DEFAULT NULL,
  `CH4` varchar(10) DEFAULT NULL,
  `N2O` varchar(10) DEFAULT NULL
) ENGINE=InnoDB DEFAULT CHARSET=utf8 COLLATE=utf8_general_ci;

--
-- Dumping data for table `esg_personal_transportation___updated_data`
--

INSERT INTO `esg_personal_transportation___updated_data` (`id`, `Vehicle_Fuel`, `Region`, `FuelEfficiency`, `CO2`, `CH4`, `N2O`) VALUES
(1, 'Bus - CNG', 0, '2.4', 0, '', ''),
(2, 'Bus - Ethanol', 0, '5', 1000, '', ''),
(3, 'Bus - Diesel', 0, '3.7', 1000, '', ''),
(4, 'Bus - Gasoline', 0, '5', 1000, '', ''),
(5, 'Passenger Car - Gasoline - Year 1984-1993', 0, '22.', 615.035, '', ''),
(6, 'Passenger Car - Gasoline - Year 1994', 0, '22.', 615.035, '', ''),
(7, 'Passenger Car - Gasoline - Year 1995', 0, '22.', 615.035, '', ''),
(8, 'Passenger Car - Gasoline - Year 1996', 0, '22.', 615.035, '', ''),
(9, 'Passenger Car - Gasoline - Year 1997', 0, '22.', 615.035, '', ''),
(10, 'Passenger Car - Gasoline - Year 1998', 0, '22.', 615.035, '', ''),
(11, 'Passenger Car - Gasoline - Year 1999', 0, '22.', 615.035, '', ''),
(12, 'Passenger Car - Gasoline - Year 2000', 0, '22.', 615.035, '', ''),
(13, 'Passenger Car - Gasoline - Year 2001', 0, '22.', 615.035, '', ''),
(14, 'Passenger Car - Gasoline - Year 2002', 0, '22.', 615.035, '', ''),
(15, 'Passenger Car - Gasoline - Year 2003', 0, '22.', 615.035, '', ''),
(16, 'Passenger Car - Gasoline - Year 2004', 0, '22.', 615.035, '', ''),
(17, 'Passenger Car - Gasoline - Year 2005-present', 0, '22.', 615.035, '', ''),
(18, 'Passenger Car - Diesel - Year 1960-1982', 0, '22.', 724.632, '', ''),
(19, 'Passenger Car - Diesel - Year 1983-present', 0, '22.', 724.632, '', ''),
(20, 'Passenger Car - Fuel Unknown', 0, '22.', 0, '', ''),
(21, 'Light Goods Vehicle - CNG', 0, '16.', 0, '', ''),
(22, 'Light Goods Vehicle - LPG', 0, '16.', 605.986, '', ''),
(23, 'Light Goods Vehicle - Ethanol', 0, '16.', 552.341, '', ''),
(24, 'Light Goods Vehicle - Gasoline - Year 1987-1993', 0, '16.', 854.215, '', ''),
(25, 'Light Goods Vehicle - Gasoline - Year 1994', 0, '16.', 854.215, '', ''),
(26, 'Light Goods Vehicle - Gasoline - Year 1995', 0, '16.', 854.215, '', ''),
(27, 'Light Goods Vehicle - Gasoline - Year 1996', 0, '16.', 854.215, '', ''),
(28, 'Light Goods Vehicle - Gasoline - Year 1997', 0, '16.', 854.215, '', ''),
(29, 'Light Goods Vehicle - Gasoline - Year 1998', 0, '16.', 854.215, '', ''),
(30, 'Light Goods Vehicle - Gasoline - Year 1999', 0, '16.', 854.215, '', ''),
(31, 'Light Goods Vehicle - Gasoline - Year 2000', 0, '16.', 854.215, '', ''),
(32, 'Light Goods Vehicle - Gasoline - Year 2001', 0, '16.', 854.215, '', ''),
(33, 'Light Goods Vehicle - Gasoline - Year 2002', 0, '16.', 854.215, '', ''),
(34, 'Light Goods Vehicle - Gasoline - Year 2003', 0, '16.', 854.215, '', ''),
(35, 'Light Goods Vehicle - Gasoline - Year 2004', 0, '16.', 854.215, '', ''),
(36, 'Light Goods Vehicle - Gasoline - Year 2005-present', 0, '16.', 854.215, '', ''),
(37, 'Light Goods Vehicle - Diesel - Year 1960-1982', 0, '16.', 1000, '', ''),
(38, 'Light Goods Vehicle - Diesel - Year 1983-1995', 0, '16.', 1000, '', ''),
(39, 'Light Goods Vehicle - Diesel - Year 1996-present', 0, '16.', 1000, '', ''),
(40, 'Light Goods Vehicle - Fuel Unknown', 0, '16.', 0, '', ''),
(41, 'Heavy Duty Vehicle - Rigid - Gasoline - Year 1985-1986', 0, '8.8', 1000, '', ''),
(42, 'Heavy Duty Vehicle - Rigid - Gasoline - Year 1987', 0, '8.8', 1000, '', ''),
(43, 'Heavy Duty Vehicle - Rigid - Gasoline - Year 1988-1989', 0, '8.8', 1000, '', ''),
(44, 'Heavy Duty Vehicle - Rigid - Gasoline - Year 1990-1995', 0, '8.8', 1000, '', ''),
(45, 'Heavy Duty Vehicle - Rigid - Gasoline - Year 1996', 0, '8.8', 1000, '', ''),
(46, 'Heavy Duty Vehicle - Rigid - Gasoline - Year 1997', 0, '8.8', 1000, '', ''),
(47, 'Heavy Duty Vehicle - Rigid - Gasoline - Year 1998', 0, '8.8', 1000, '', ''),
(48, 'Heavy Duty Vehicle - Rigid - Gasoline - Year 1999', 0, '8.8', 1000, '', ''),
(49, 'Heavy Duty Vehicle - Rigid - Gasoline - Year 2000', 0, '8.8', 1000, '', ''),
(50, 'Heavy Duty Vehicle - Rigid - Gasoline - Year 2001', 0, '8.8', 1000, '', ''),
(51, 'Heavy Duty Vehicle - Rigid - Gasoline - Year 2002', 0, '8.8', 1000, '', ''),
(52, 'Heavy Duty Vehicle - Rigid - Gasoline - Year 2003', 0, '8.8', 1000, '', ''),
(53, 'Heavy Duty Vehicle - Rigid - Gasoline - Year 2004', 0, '8.8', 1000, '', ''),
(54, 'Heavy Duty Vehicle - Rigid - Gasoline - Year 2005-present', 0, '8.8', 1000, '', ''),
(55, 'Heavy Duty Vehicle - Rigid - Diesel - Year 1960-present', 0, '8.8', 1000, '', ''),
(56, 'Heavy Duty Vehicle - Rigid - CNG', 0, '8.8', 0, '', ''),
(57, 'Heavy Duty Vehicle - Rigid - LNG', 0, '8.8', 815.643, '', ''),
(58, 'Heavy Duty Vehicle - Rigid - LPG', 0, '8.8', 1000, '', ''),
(59, 'Heavy Duty Vehicle - Rigid - Ethanol', 0, '8.8', 1000, '', ''),
(60, 'Heavy Duty Vehicle - Rigid - Fuel Unknown', 0, '8.8', 0, '', ''),
(61, 'Heavy Duty Vehicle - Articulated - Gasoline - Year 1985-1986', 0, '5.9', 1000, '', ''),
(62, 'Heavy Duty Vehicle - Articulated - Gasoline - Year 1987', 0, '5.9', 1000, '', ''),
(63, 'Heavy Duty Vehicle - Articulated - Gasoline - Year 1988-1989', 0, '5.9', 1000, '', ''),
(64, 'Heavy Duty Vehicle - Articulated - Gasoline - Year 1990-1995', 0, '5.9', 1000, '', ''),
(65, 'Heavy Duty Vehicle - Articulated - Gasoline - Year 1996', 0, '5.9', 1000, '', ''),
(66, 'Heavy Duty Vehicle - Articulated - Gasoline - Year 1997', 0, '5.9', 1000, '', ''),
(67, 'Heavy Duty Vehicle - Articulated - Gasoline - Year 1998', 0, '5.9', 1000, '', ''),
(68, 'Heavy Duty Vehicle - Articulated - Gasoline - Year 1999', 0, '5.9', 1000, '', ''),
(69, 'Heavy Duty Vehicle - Articulated - Gasoline - Year 2000', 0, '5.9', 1000, '', ''),
(70, 'Heavy Duty Vehicle - Articulated - Gasoline - Year 2001', 0, '5.9', 1000, '', ''),
(71, 'Heavy Duty Vehicle - Articulated - Gasoline - Year 2002', 0, '5.9', 1000, '', ''),
(72, 'Heavy Duty Vehicle - Articulated - Gasoline - Year 2003', 0, '5.9', 1000, '', ''),
(73, 'Heavy Duty Vehicle - Articulated - Gasoline - Year 2004', 0, '5.9', 1000, '', ''),
(74, 'Heavy Duty Vehicle - Articulated - Gasoline - Year 2005-present', 0, '5.9', 1000, '', ''),
(75, 'Heavy Duty Vehicle - Articulated - Diesel - Year 1960-present', 0, '5.9', 1000, '', ''),
(76, 'Heavy Duty Vehicle - Articulated - CNG', 0, '5.9', 0, '', ''),
(77, 'Heavy Duty Vehicle - Articulated - LNG', 0, '5.9', 1000, '', ''),
(78, 'Heavy Duty Vehicle - Articulated - LPG', 0, '5.9', 1000, '', ''),
(79, 'Heavy Duty Vehicle - Articulated - Ethanol', 0, '5.9', 1000, '', ''),
(80, 'Heavy Duty Vehicle - Articulated - Fuel Unknown', 0, '5.9', 0, '', ''),
(81, 'Motorbike - Non-Catalyst Control', 0, '50', 326.084, '', ''),
(82, 'Motorbike - Uncontrolled', 0, '50', 326.084, '', ''),
(83, 'Motorbike - Control Unknown', 0, '50', 326.084, '', ''),
(84, 'Bus - CNG', 1, '2.4', 0, '3.16396244', '0.2816345'),
(85, 'Bus - Ethanol', 1, '5', 1000, '0.31703998', '0.2816345'),
(86, 'Bus - Diesel', 1, '3.7', 1000, '0.00820763', '0.00772483'),
(87, 'Bus - Gasoline', 1, '5', 1000, '0.03379614', '0.02735878'),
(88, 'Passenger Car - Gasoline - Year 1984-1993', 1, '22.', 630.146, '0.11329753', '0.10412429'),
(89, 'Passenger Car - Gasoline - Year 1994', 1, '22.', 630.146, '0.08545595', '0.09012304'),
(90, 'Passenger Car - Gasoline - Year 1995', 1, '22.', 630.146, '0.05761437', '0.07612178'),
(91, 'Passenger Car - Gasoline - Year 1996', 1, '22.', 630.146, '0.04377404', '0.06855788'),
(92, 'Passenger Car - Gasoline - Year 1997', 1, '22.', 630.146, '0.04313031', '0.06791414'),
(93, 'Passenger Car - Gasoline - Year 1998', 1, '22.', 630.146, '0.04007256', '0.06324706'),
(94, 'Passenger Car - Gasoline - Year 1999', 1, '22.', 630.146, '0.03476174', '0.05423475'),
(95, 'Passenger Car - Gasoline - Year 2000', 1, '22.', 630.146, '0.02864625', '0.04393498'),
(96, 'Passenger Car - Gasoline - Year 2001', 1, '22.', 630.146, '0.01770274', '0.02542757'),
(97, 'Passenger Car - Gasoline - Year 2002', 1, '22.', 630.146, '0.01721993', '0.02462290'),
(98, 'Passenger Car - Gasoline - Year 2003', 1, '22.', 630.146, '0.01834647', '0.02172609'),
(99, 'Passenger Car - Gasoline - Year 2004', 1, '22.', 630.146, '0.02333543', '0.01335752'),
(100, 'Passenger Car - Gasoline - Year 2005-present', 1, '22.', 630.146, '0.02365729', '0.01271378'),
(101, 'Passenger Car - Diesel - Year 1960-1982', 1, '22.', 725.991, '0.00096560', '0.00193120'),
(102, 'Passenger Car - Diesel - Year 1983-present', 1, '22.', 725.991, '0.00080467', '0.00160934'),
(103, 'Passenger Car - Fuel Unknown', 1, '22.', 0, '0.04988954', '0.05149888'),
(104, 'Light Goods Vehicle - CNG', 1, '16.', 0, '1.18608358', '0.080467'),
(105, 'Light Goods Vehicle - LPG', 1, '16.', 575.19, '0.05954558', '0.10782578'),
(106, 'Light Goods Vehicle - Ethanol', 1, '16.', 552.341, '0.0885137', '0.10782578'),
(107, 'Light Goods Vehicle - Gasoline - Year 1987-1993', 1, '16.', 875.203, '0.13083934', '0.16656669'),
(108, 'Light Goods Vehicle - Gasoline - Year 1994', 1, '16.', 875.203, '0.10396336', '0.15803718'),
(109, 'Light Goods Vehicle - Gasoline - Year 1995', 1, '16.', 875.203, '0.08320287', '0.14612807'),
(110, 'Light Goods Vehicle - Gasoline - Year 1996', 1, '16.', 875.203, '0.07274216', '0.14017351'),
(111, 'Light Goods Vehicle - Gasoline - Year 1997', 1, '16.', 875.203, '0.07274216', '0.14017351'),
(112, 'Light Goods Vehicle - Gasoline - Year 1998', 1, '16.', 875.203, '0.06292519', '0.11715995'),
(113, 'Light Goods Vehicle - Gasoline - Year 1999', 1, '16.', 875.203, '0.05165981', '0.09076677'),
(114, 'Light Goods Vehicle - Gasoline - Year 2000', 1, '16.', 875.203, '0.05568316', '0.09994001'),
(115, 'Light Goods Vehicle - Gasoline - Year 2001', 1, '16.', 875.203, '0.02430103', '0.02639317'),
(116, 'Light Goods Vehicle - Gasoline - Year 2002', 1, '16.', 875.203, '0.02864625', '0.03669295'),
(117, 'Light Goods Vehicle - Gasoline - Year 2003', 1, '16.', 875.203, '0.02494477', '0.01834647'),
(118, 'Light Goods Vehicle - Gasoline - Year 2004', 1, '16.', 875.203, '0.02446196', '0.02124328'),
(119, 'Light Goods Vehicle - Gasoline - Year 2005-present', 1, '16.', 875.203, '0.02526663', '0.01625433'),
(120, 'Light Goods Vehicle - Diesel - Year 1960-1982', 1, '16.', 1000, '0.00177027', '0.00273587'),
(121, 'Light Goods Vehicle - Diesel - Year 1983-1995', 1, '16.', 1000, '0.00144840', '0.00225307'),
(122, 'Light Goods Vehicle - Diesel - Year 1996-present', 1, '16.', 1000, '0.00160934', '0.00241401'),
(123, 'Light Goods Vehicle - Fuel Unknown', 1, '16.', 0, '0.05793624', '0.07563898'),
(124, 'Heavy Duty Vehicle - Rigid - Gasoline - Year 1985-1986', 1, '8.8', 1000, '0.65822006', '0.08288101'),
(125, 'Heavy Duty Vehicle - Rigid - Gasoline - Year 1987', 1, '8.8', 1000, '0.59143245', '0.13663296'),
(126, 'Heavy Duty Vehicle - Rigid - Gasoline - Year 1988-1989', 1, '8.8', 1000, '0.56198152', '0.15015142'),
(127, 'Heavy Duty Vehicle - Rigid - Gasoline - Year 1990-1995', 1, '8.8', 1000, '0.52239176', '0.18378662'),
(128, 'Heavy Duty Vehicle - Rigid - Gasoline - Year 1996', 1, '8.8', 1000, '0.20567365', '0.27036912'),
(129, 'Heavy Duty Vehicle - Rigid - Gasoline - Year 1997', 1, '8.8', 1000, '0.14870301', '0.27777208'),
(130, 'Heavy Duty Vehicle - Rigid - Gasoline - Year 1998', 1, '8.8', 1000, '0.10315869', '0.27246126'),
(131, 'Heavy Duty Vehicle - Rigid - Gasoline - Year 1999', 1, '8.8', 1000, '0.09301985', '0.23094029'),
(132, 'Heavy Duty Vehicle - Rigid - Gasoline - Year 2000', 1, '8.8', 1000, '0.07934046', '0.17573992'),
(133, 'Heavy Duty Vehicle - Rigid - Gasoline - Year 2001', 1, '8.8', 1000, '0.08497315', '0.19875349'),
(134, 'Heavy Duty Vehicle - Rigid - Gasoline - Year 2002', 1, '8.8', 1000, '0.08786996', '0.21034073'),
(135, 'Heavy Duty Vehicle - Rigid - Gasoline - Year 2003', 1, '8.8', 1000, '0.08577782', '0.19955816'),
(136, 'Heavy Duty Vehicle - Rigid - Gasoline - Year 2004', 1, '8.8', 1000, '0.05487849', '0.04586619'),
(137, 'Heavy Duty Vehicle - Rigid - Gasoline - Year 2005-present', 1, '8.8', 1000, '0.05246448', '0.02848531'),
(138, 'Heavy Duty Vehicle - Rigid - Diesel - Year 1960-present', 1, '8.8', 1000, '0.00820763', '0.00772483'),
(139, 'Heavy Duty Vehicle - Rigid - CNG', 1, '8.8', 0, '3.16396244', '0.2816345'),
(140, 'Heavy Duty Vehicle - Rigid - LNG', 1, '8.8', 815.643, '3.16396244', '0.2816345'),
(141, 'Heavy Duty Vehicle - Rigid - LPG', 1, '8.8', 1000, '0.10621644', '0.2816345'),
(142, 'Heavy Duty Vehicle - Rigid - Ethanol', 1, '8.8', 1000, '0.31703998', '0.2816345'),
(143, 'Heavy Duty Vehicle - Rigid - Fuel Unknown', 1, '8.8', 0, '0.03379614', '0.02735878'),
(144, 'Heavy Duty Vehicle - Articulated - Gasoline - Year 1985-1986', 1, '5.9', 1000, '0.65822006', '0.08288101'),
(145, 'Heavy Duty Vehicle - Articulated - Gasoline - Year 1987', 1, '5.9', 1000, '0.59143245', '0.13663296'),
(146, 'Heavy Duty Vehicle - Articulated - Gasoline - Year 1988-1989', 1, '5.9', 1000, '0.56198152', '0.15015142'),
(147, 'Heavy Duty Vehicle - Articulated - Gasoline - Year 1990-1995', 1, '5.9', 1000, '0.52239176', '0.18378662'),
(148, 'Heavy Duty Vehicle - Articulated - Gasoline - Year 1996', 1, '5.9', 1000, '0.20567365', '0.27036912'),
(149, 'Heavy Duty Vehicle - Articulated - Gasoline - Year 1997', 1, '5.9', 1000, '0.14870301', '0.27777208'),
(150, 'Heavy Duty Vehicle - Articulated - Gasoline - Year 1998', 1, '5.9', 1000, '0.10315869', '0.27246126'),
(151, 'Heavy Duty Vehicle - Articulated - Gasoline - Year 1999', 1, '5.9', 1000, '0.09301985', '0.23094029'),
(152, 'Heavy Duty Vehicle - Articulated - Gasoline - Year 2000', 1, '5.9', 1000, '0.07934046', '0.17573992'),
(153, 'Heavy Duty Vehicle - Articulated - Gasoline - Year 2001', 1, '5.9', 1000, '0.08497315', '0.19875349'),
(154, 'Heavy Duty Vehicle - Articulated - Gasoline - Year 2002', 1, '5.9', 1000, '0.08786996', '0.21034073'),
(155, 'Heavy Duty Vehicle - Articulated - Gasoline - Year 2003', 1, '5.9', 1000, '0.08577782', '0.19955816'),
(156, 'Heavy Duty Vehicle - Articulated - Gasoline - Year 2004', 1, '5.9', 1000, '0.05487849', '0.04586619'),
(157, 'Heavy Duty Vehicle - Articulated - Gasoline - Year 2005-present', 1, '5.9', 1000, '0.05246448', '0.02848531'),
(158, 'Heavy Duty Vehicle - Articulated - Diesel - Year 1960-present', 1, '5.9', 1000, '0.00820763', '0.00772483'),
(159, 'Heavy Duty Vehicle - Articulated - CNG', 1, '5.9', 0, '3.16396244', '0.2816345'),
(160, 'Heavy Duty Vehicle - Articulated - LNG', 1, '5.9', 1000, '3.16396244', '0.2816345'),
(161, 'Heavy Duty Vehicle - Articulated - LPG', 1, '5.9', 1000, '0.10621644', '0.2816345'),
(162, 'Heavy Duty Vehicle - Articulated - Ethanol', 1, '5.9', 1000, '0.31703998', '0.2816345'),
(163, 'Heavy Duty Vehicle - Articulated - Fuel Unknown', 1, '5.9', 0, '0.03379614', '0.02735878'),
(164, 'Motorbike - Non-Catalyst Control', 1, '50', 326.696, '0.10814764', '0.01110444'),
(165, 'Motorbike - Uncontrolled', 1, '50', 326.696, '0.14467966', '0.01400125'),
(166, 'Motorbike - Control Unknown', 1, '50', 326.696, '0.1126538', '0.01126538'),
(167, 'Passenger Car - Petrol - Engine Size <1.4 liter', 68, '', 172.97, '', ''),
(168, 'Passenger Car - Petrol - Engine Size 1.4 - 2.0 liters', 68, '', 214.86, '', ''),
(169, 'Passenger Car - Petrol - Engine Size >2.0 liters', 68, '', 299.37, '', ''),
(170, 'Passenger Car - Petrol - Engine Size Unknown', 68, '', 210.71, '', ''),
(171, 'Passenger Car - Diesel - Engine Size <1.7 liter', 68, '', 145.18, '', ''),
(172, 'Passenger Car - Diesel - Engine Size 1.7 - 2.0 liters', 68, '', 180.97, '', ''),
(173, 'Passenger Car - Diesel - Engine Size >2.0 liters', 68, '', 245.46, '', ''),
(174, 'Passenger Car - Diesel - Engine Size Unknown', 68, '', 194.95, '', ''),
(175, 'Passenger Car - Hybrid - Engine Size 1.4 - 2.0 liters', 68, '', 119.14, '', ''),
(176, 'Passenger Car - Hybrid - Engine Size >2.0 liters', 68, '', 217.26, '', ''),
(177, 'Passenger Car - Hybrid - Engine Size Unknown', 68, '', 164.7, '', ''),
(178, 'Passenger Car - LPG - Engine Size average', 68, '', 214.19, '', ''),
(179, 'Passenger Car - LPG - Engine Size medium', 68, '', 193.37, '', ''),
(180, 'Passenger Car - LPG - Engine Size large', 68, '', 269.43, '', ''),
(181, 'Passenger Car - CNG - Engine Size 1.4 - 2.0 liters', 68, '', 193.37, '', ''),
(182, 'Passenger Car - CNG - Engine Size >2.0 liters', 68, '', 269.43, '', ''),
(183, 'Passenger Car - CNG - Engine Size Unknown', 68, '', 214.19, '', ''),
(184, 'Light Goods Vehicle (e.g. Van) - Petrol - Engine Size =1.25 tonnes', 68, '', 194.07, '', ''),
(185, 'Light Goods Vehicle (e.g. Van) - Diesel - Engine Size =3.5 tonnes', 68, '', 250.8, '', ''),
(186, 'Light Goods Vehicle (e.g. Van) - LPG - Engine Size =3.5 tonnes', 68, '', 263.34, '', ''),
(187, 'Light Goods Vehicle (e.g. Van) - CNG - Engine Size =3.5 tonnes', 68, '', 238.26, '', ''),
(188, 'Light Goods Vehicle (e.g. Van) - Fuel Unknown', 68, '', 250.16, '', ''),
(189, 'Motorbike - Engine Size =125 cc', 68, '', 84.99, '', ''),
(190, 'Motorbike - Engine Size >125 and =500 cc', 68, '', 103.16, '', ''),
(191, 'Motorbike - Engine Size >500 cc', 68, '', 137.24, '', ''),
(192, 'Motorbike - Engine Size Unknown', 68, '', 116.06, '', ''),
(193, 'HGV - Rigid - Engine Size 3.5 - 7.5 tonnes - 0% Weight Laden', 68, '', 527.63, '', ''),
(194, 'HGV - Rigid - Engine Size 3.5 - 7.5 tonnes - 50% Weight Laden', 68, '', 573.51, '', ''),
(195, 'HGV - Rigid - Engine Size 3.5 - 7.5 tonnes - 100% Weight Laden', 68, '', 619.39, '', ''),
(196, 'HGV - Rigid - Engine Size 3.5 - 7.5 tonnes - Default 41% Weight Laden', 68, '', 565.25, '', ''),
(197, 'HGV - Rigid - Engine Size 7.5 - 17 tonnes - 0% Weight Laden', 68, '', 671.25, '', ''),
(198, 'HGV - Rigid - Engine Size 7.5 - 17 tonnes - 50% Weight Laden', 68, '', 767.14, '', ''),
(199, 'HGV - Rigid - Engine Size 7.5 - 17 tonnes - 100% Weight Laden', 68, '', 863.03, '', ''),
(200, 'HGV - Rigid - Engine Size 7.5 - 17 tonnes - Default 41% Weight Laden', 68, '', 749.88, '', ''),
(201, 'HGV - Rigid - Engine Size >17 tonnes - 0% Weight Laden', 68, '', 798.14, '', ''),
(202, 'HGV - Rigid - Engine Size >17 tonnes - 50% Weight Laden', 68, '', 973.34, '', ''),
(203, 'HGV - Rigid - Engine Size >17 tonnes - 100% Weight Laden', 68, '', 1000, '', ''),
(204, 'HGV - Rigid - Engine Size >17 tonnes - Default 53% Weight Laden', 68, '', 983.79, '', ''),
(205, 'HGV - Rigid - Engine Size Unknown - % Weight Laden', 68, '', 829.03, '', ''),
(206, 'HGV - Articulated - Engine Size 3.5 - 33 tonnes - 0% Weight Laden', 68, '', 692.14, '', ''),
(207, 'HGV - Articulated - Engine Size 3.5 - 33 tonnes - 50% Weight Laden', 68, '', 865.18, '', ''),
(208, 'HGV - Articulated - Engine Size 3.5 - 33 tonnes - 100% Weight Laden', 68, '', 1000, '', ''),
(209, 'HGV - Articulated - Engine Size 3.5 - 33 tonnes - Default 45% Weight Laden', 68, '', 847.88, '', ''),
(210, 'HGV - Articulated - Engine Size >33 tonnes - 0% Weight Laden', 68, '', 697.93, '', ''),
(211, 'HGV - Articulated - Engine Size >33 tonnes - 50% Weight Laden', 68, '', 930.57, '', ''),
(212, 'HGV - Articulated - Engine Size >33 tonnes - 100% Weight Laden', 68, '', 1000, '', ''),
(213, 'HGV - Articulated - Engine Size >33 tonnes - Default 61% Weight Laden', 68, '', 981.75, '', ''),
(214, 'HGV - Articulated - Engine Size Unknown', 68, '', 969, '', ''),
(215, 'HGV - Type Unknown', 68, '', 895.22, '', '');

-- --------------------------------------------------------

--
-- Table structure for table `freight`
--

CREATE TABLE `freight` (
  `id` int(11) NOT NULL,
  `Freight` varchar(100) DEFAULT NULL,
  `location` int(11) DEFAULT NULL,
  `CO2_old` float DEFAULT NULL,
  `CH4` float DEFAULT NULL,
  `N2O` float DEFAULT NULL,
  `CO2_old_old` float DEFAULT NULL,
  `CO2` float DEFAULT NULL
) ENGINE=InnoDB DEFAULT CHARSET=utf8mb4 COLLATE=utf8mb4_general_ci;

--
-- Dumping data for table `freight`
--

INSERT INTO `freight` (`id`, `Freight`, `location`, `CO2_old`, `CH4`, `N2O`, `CO2_old_old`, `CO2`) VALUES
(1, 'Air - Domestic', 0, 1960.73, 0.0417, 0.0479, 1.96073, 1960.73),
(2, 'Air - Short Haul', 0, 1473.89, 0.0417, 0.0479, 1.47389, 1473.89),
(3, 'Air - Long Haul', 0, 613.24, 0.0417, 0.0479, 0.61324, 613.24),
(4, 'Rail', 0, 25.2, 0.002, 0.0006, 0.0252, 40.5554),
(5, 'Road Vehicle - HGV - Rigid - Engine Size 3.5 - 7.5 tonnes', 0, 297, 0.0035, 0.0027, 0.297, 477.974),
(6, 'Road Vehicle - HGV - Rigid - Engine Size 7.5 - 17 tonnes', 0, 297, 0.0035, 0.0027, 0.297, 477.974),
(7, 'Road Vehicle - HGV - Rigid - Engine Size >17 tonnes', 0, 297, 0.0035, 0.0027, 0.297, 477.974),
(8, 'Road Vehicle - HGV - Rigid - Engine Size Unknown', 0, 297, 0.0035, 0.0027, 0.297, 477.974),
(9, 'Road Vehicle - HGV - Articulated - Engine Size 3.5 - 33 tonnes', 0, 297, 0.0035, 0.0027, 0.297, 477.974),
(10, 'Road Vehicle - HGV - Articulated - Engine Size >33 tonnes', 0, 297, 0.0035, 0.0027, 0.297, 477.974),
(11, 'Road Vehicle - HGV - Articulated - Engine Size Unknown', 0, 297, 0.0035, 0.0027, 0.297, 477.974),
(12, 'Road Vehicle - HGV - Type Unknown', 0, 297, 0.0035, 0.0027, 0.297, 477.974),
(13, 'Road Vehicle - Light Goods Vehicle - Petro - Engine Size =1.25 tonnes', 0, 297, 0.0035, 0.0027, 0.297, 477.974),
(14, 'Road Vehicle - Light Goods Vehicle - Diesel - Engine Size =3.5 tonnes', 0, 297, 0.0035, 0.0027, 0.297, 477.974),
(15, 'Road Vehicle - Light Goods Vehicle - LPG or CNG - Engine Size =3.5 tonnes', 0, 297, 0.0035, 0.0027, 0.297, 477.974),
(16, 'Road Vehicle - Light Goods Vehicle - Fuel Unknown', 0, 297, 0.0035, 0.0027, 0.297, 477.974),
(17, 'Watercraft - Large RoPax Ferry', 0, 48, 0.0041, 0.0014, 0.048, 48),
(18, 'Watercraft - Shipping - Small Tanker (844 tonnes deadweight)', 0, 48, 0.0041, 0.0014, 0.048, 77.2483),
(19, 'Watercraft - Shipping - Large Tanker (18371 tonnes deadweight)', 0, 48, 0.0041, 0.0014, 0.048, 77.2483),
(20, 'Watercraft - Shipping - Very Large Tanker (100000 tonnes deadweight)', 0, 48, 0.0041, 0.0014, 0.048, 77.2483),
(21, 'Watercraft - Shipping - Small Bulk Carrier (1720 tonnes deadweight)', 0, 48, 0.0041, 0.0014, 0.048, 77.2483),
(22, 'Watercraft - Shipping - Large Bulk Carrier (14201 tonnes deadweight)', 0, 48, 0.0041, 0.0014, 0.048, 77.2483),
(23, 'Watercraft - Shipping - Very Large Bulk Carrier (70000 tonnes deadweight)', 0, 48, 0.0041, 0.0014, 0.048, 77.2483),
(24, 'Watercraft - Shipping - Small Container Vessel (2500 tonnes deadweight)', 0, 48, 0.0041, 0.0014, 0.048, 77.2483),
(25, 'Watercraft - Shipping - Large Container Vessel (20000 tonnes deadweight)', 0, 48, 0.0041, 0.0014, 0.048, 77.2483),
(26, 'Air - Domestic', 68, 1960.73, 0.0417, 0.0479, 1.96073, 1960.73),
(27, 'Air - Short Haul', 68, 1473.89, 0.0417, 0.0479, 1.47389, 1473.89),
(28, 'Air - Long Haul', 68, 613.24, 0.0417, 0.0479, 0.61324, 613.24),
(29, 'Rail', 68, 28.5, 0.002, 0.0006, 0.0285, 28.5),
(30, 'Road Vehicle - HGV - Rigid - Engine Size 3.5 - 7.5 tonnes', 68, 659.46, 0.0035, 0.0027, 0.65946, 659.46),
(31, 'Road Vehicle - HGV - Rigid - Engine Size 7.5 - 17 tonnes', 68, 412.43, 0.0035, 0.0027, 0.41243, 412.43),
(32, 'Road Vehicle - HGV - Rigid - Engine Size >17 tonnes', 68, 200.27, 0.0035, 0.0027, 0.20027, 200.27),
(33, 'Road Vehicle - HGV - Rigid - Engine Size Unknown', 68, 251.15, 0.0035, 0.0027, 0.25115, 251.15),
(34, 'Road Vehicle - HGV - Articulated - Engine Size 3.5 - 33 tonnes', 68, 152.62, 0.0035, 0.0027, 0.15262, 152.62),
(35, 'Road Vehicle - HGV - Articulated - Engine Size >33 tonnes', 68, 86.78, 0.0035, 0.0027, 0.08678, 86.78),
(36, 'Road Vehicle - HGV - Articulated - Engine Size Unknown', 68, 88.69, 0.0035, 0.0027, 0.08869, 88.69),
(37, 'Road Vehicle - HGV - Type Unknown', 68, 124.27, 0.0035, 0.0027, 0.12427, 124.27),
(38, 'Road Vehicle - Light Goods Vehicle - Petrol - Engine Size < 1.305 tonnes', 68, 1173.51, 0.0035, 0.0027, 1.17351, 1173.51),
(39, 'Road Vehicle - Light Goods Vehicle - Petrol - Engine Size 1.305 - 1.74 tonnes', 68, 820.633, 0.0035, 0.0027, 0.820633, 820.633),
(40, 'Road Vehicle - Light Goods Vehicle - Petrol - Engine Size 1.74 - 3.5 tonnes', 68, 496.007, 0.0035, 0.0027, 0.496007, 496.007),
(41, 'Road Vehicle - Light Goods Vehicle - Diesel - Engine Size < 1.305 tonnes', 68, 949.52, 0.0035, 0.0027, 0.94952, 949.52),
(42, 'Road Vehicle - Light Goods Vehicle - Diesel - Engine Size 1.305 - 1.74 tonnes', 68, 873.86, 0.0035, 0.0027, 0.87386, 873.86),
(43, 'Road Vehicle - Light Goods Vehicle - Diesel - Engine Size 1.74 - 3.5 tonnes', 68, 521.97, 0.0035, 0.0027, 0.52197, 521.97),
(44, 'Road Vehicle - Light Goods Vehicle - LPG or CNG - Engine Size =3.5 tonnes', 68, 617.42, 0.0035, 0.0027, 0.61742, 617.42),
(45, 'Road Vehicle - Light Goods Vehicle - Fuel and Engine Size Unknown', 68, 586.51, 0.0035, 0.0027, 0.58651, 586.51),
(46, 'Watercraft - Large RoPax Ferry', 68, 49.5, 0.0041, 0.0014, 0.0495, 49.5),
(47, 'Watercraft - Shipping - Small Tanker (844 tonnes deadweight)', 68, 33.3, 0.0041, 0.0014, 0.0333, 33.3),
(48, 'Watercraft - Shipping - Large Tanker (18371 tonnes deadweight)', 68, 9.1, 0.0041, 0.0014, 0.0091, 9.1),
(49, 'Watercraft - Shipping - Very Large Tanker (100000 tonnes deadweight)', 68, 5.9, 0.0041, 0.0014, 0.0059, 5.9),
(50, 'Watercraft - Shipping - Small Bulk Carrier (1720 tonnes deadweight)', 68, 29.2, 0.0041, 0.0014, 0.0292, 29.2),
(51, 'Watercraft - Shipping - Large Bulk Carrier (14201 tonnes deadweight)', 68, 7.9, 0.0041, 0.0014, 0.0079, 7.9),
(52, 'Watercraft - Shipping - Very Large Bulk Carrier (70000 tonnes deadweight)', 68, 4.1, 0.0041, 0.0014, 0.0041, 4.1),
(53, 'Watercraft - Shipping - Small Container Vessel (2500 tonnes deadweight)', 68, 20, 0.0041, 0.0014, 0.02, 20),
(54, 'Watercraft - Shipping - Large Container Vessel (20000 tonnes deadweight)', 68, 12.5, 0.0041, 0.0014, 0.0125, 20.1168),
(55, 'Air - Domestic', 1, 1527, 0.0417, 0.0479, 1.527, 2457.46),
(56, 'Air - Short Haul', 1, 1527, 0.0417, 0.0479, 1.527, 2457.46),
(57, 'Air - Long Haul', 1, 1527, 0.0417, 0.0479, 1.527, 2457.46),
(58, 'Rail', 1, 25.2, 0.002, 0.0006, 0.0252, 40.5554),
(59, 'Road Vehicle - HGV - Rigid - Engine Size 3.5 - 7.5 tonnes', 1, 297, 0.0035, 0.0027, 0.297, 477.974),
(60, 'Road Vehicle - HGV - Rigid - Engine Size 7.5 - 17 tonnes', 1, 297, 0.0035, 0.0027, 0.297, 477.974),
(61, 'Road Vehicle - HGV - Rigid - Engine Size >17 tonnes', 1, 297, 0.0035, 0.0027, 0.297, 477.974),
(62, 'Road Vehicle - HGV - Rigid - Engine Size Unknown', 1, 297, 0.0035, 0.0027, 0.297, 477.974),
(63, 'Road Vehicle - HGV - Articulated - Engine Size 3.5 - 33 tonnes', 1, 297, 0.0035, 0.0027, 0.297, 477.974),
(64, 'Road Vehicle - HGV - Articulated - Engine Size >33 tonnes', 1, 297, 0.0035, 0.0027, 0.297, 477.974),
(65, 'Road Vehicle - HGV - Articulated - Engine Size Unknown', 1, 297, 0.0035, 0.0027, 0.297, 477.974),
(66, 'Road Vehicle - HGV - Type Unknown', 1, 297, 0.0035, 0.0027, 0.297, 477.974),
(67, 'Road Vehicle - Light Goods Vehicle - Petro - Engine Size =1.25 tonnes', 1, 297, 0.0035, 0.0027, 0.297, 477.974),
(68, 'Road Vehicle - Light Goods Vehicle - Diesel - Engine Size =3.5 tonnes', 1, 297, 0.0035, 0.0027, 0.297, 477.974),
(69, 'Road Vehicle - Light Goods Vehicle - LPG or CNG - Engine Size =3.5 tonnes', 1, 297, 0.0035, 0.0027, 0.297, 477.974),
(70, 'Road Vehicle - Light Goods Vehicle - Fuel Unknown', 1, 297, 0.0035, 0.0027, 0.297, 477.974),
(71, 'Watercraft - Large RoPax Ferry', 1, 48, 0.0041, 0.0014, 0.048, 77.2483),
(72, 'Watercraft - Shipping - Small Tanker (844 tonnes deadweight)', 1, 48, 0.0041, 0.0014, 0.048, 77.2483),
(73, 'Watercraft - Shipping - Large Tanker (18371 tonnes deadweight)', 1, 48, 0.0041, 0.0014, 0.048, 77.2483),
(74, 'Watercraft - Shipping - Very Large Tanker (100000 tonnes deadweight)', 1, 48, 0.0041, 0.0014, 0.048, 77.2483),
(75, 'Watercraft - Shipping - Small Bulk Carrier (1720 tonnes deadweight)', 1, 48, 0.0041, 0.0014, 0.048, 77.2483),
(76, 'Watercraft - Shipping - Large Bulk Carrier (14201 tonnes deadweight)', 1, 48, 0.0041, 0.0014, 0.048, 77.2483),
(77, 'Watercraft - Shipping - Very Large Bulk Carrier (70000 tonnes deadweight)', 1, 48, 0.0041, 0.0014, 0.048, 77.2483),
(78, 'Watercraft - Shipping - Small Container Vessel (2500 tonnes deadweight)', 1, 48, 0.0041, 0.0014, 0.048, 77.2483),
(79, 'Watercraft - Shipping - Large Container Vessel (20000 tonnes deadweight)', 1, 48, 0.0041, 0.0014, 0.048, 77.2483);

-- --------------------------------------------------------

--
-- Table structure for table `fuel_emission_factors_per_kg`
--

CREATE TABLE `fuel_emission_factors_per_kg` (
  `id` int(11) NOT NULL,
  `fuel_type` varchar(100) DEFAULT NULL,
  `unit` varchar(10) DEFAULT NULL,
  `emission_factor` float DEFAULT NULL,
  `reference` text DEFAULT NULL
) ENGINE=InnoDB DEFAULT CHARSET=utf8mb4 COLLATE=utf8mb4_general_ci;

--
-- Dumping data for table `fuel_emission_factors_per_kg`
--

INSERT INTO `fuel_emission_factors_per_kg` (`id`, `fuel_type`, `unit`, `emission_factor`, `reference`) VALUES
(1, 'Liquefied Petroleum Gas', 'kg', 0.8582, 'To be confirmed'),
(2, 'Gasoline', 'kg', 0.4024, 'To be confirmed'),
(3, 'Kerosene / Jet oil', 'kg', 0.3284, 'To be confirmed'),
(4, 'Diesel', 'kg', 0.3522, 'To be confirmed');

-- --------------------------------------------------------

--
-- Table structure for table `fuel_source`
--

CREATE TABLE `fuel_source` (
  `id` int(10) NOT NULL,
  `source` varchar(50) NOT NULL,
  `fuel` varchar(250) NOT NULL
) ENGINE=InnoDB DEFAULT CHARSET=utf8mb4 COLLATE=utf8mb4_general_ci;

--
-- Dumping data for table `fuel_source`
--

INSERT INTO `fuel_source` (`id`, `source`, `fuel`) VALUES
(1, 'Electricity', 'Electricity'),
(2, 'Transport', 'Jet Fuel'),
(3, 'Transport', 'Aviation Gasoline'),
(4, 'Transport', 'Gasoline/Petrol'),
(5, 'Transport', 'On-Road Diesel Fuel'),
(6, 'Transport', 'Residual Fuel Oil (3s 5 and 6)'),
(7, 'Transport', 'LPG'),
(8, 'Transport', 'CNG'),
(9, 'Transport', 'LNG'),
(10, 'Transport', 'Ethanol'),
(11, 'Transport', '100% Biodiesel'),
(12, 'Transport', 'E85 Ethanol/Gasoline'),
(13, 'Transport', 'B20 Biodiesel/Diesel'),
(14, 'Transport', 'Train - Diesel Fuel'),
(15, 'Transport', 'Agricultural Equipment - Gasoline'),
(16, 'Transport', 'Agricultural Equipment - Diesel Fuel'),
(17, 'Transport', 'Construction Equipment - Gasoline'),
(18, 'Transport', 'Construction Equipment - Diesel Fuel'),
(19, 'Transport', 'Ship and Boat - Residual Fuel Oil'),
(20, 'Transport', 'Ship and Boat - Diesel Fuel'),
(21, 'Transport', 'Ship and Boat - Gasoline'),
(22, 'Transport', 'Bus - CNG'),
(23, 'Transport', 'Bus - Ethanol'),
(24, 'Transport', 'Bus - Diesel'),
(25, 'Transport', 'Bus - Gasoline'),
(26, 'Transport', 'Passenger Car - Gasoline - Year 1984-1993'),
(27, 'Transport', 'Passenger Car - Gasoline - Year 1994'),
(28, 'Transport', 'Passenger Car - Gasoline - Year 1995'),
(29, 'Transport', 'Passenger Car - Gasoline - Year 1996'),
(30, 'Transport', 'Passenger Car - Gasoline - Year 1997'),
(31, 'Transport', 'Passenger Car - Gasoline - Year 1998'),
(32, 'Transport', 'Passenger Car - Gasoline - Year 1999'),
(33, 'Transport', 'Passenger Car - Gasoline - Year 2000'),
(34, 'Transport', 'Passenger Car - Gasoline - Year 2001'),
(35, 'Transport', 'Passenger Car - Gasoline - Year 2002'),
(36, 'Transport', 'Passenger Car - Gasoline - Year 2003'),
(37, 'Transport', 'Passenger Car - Gasoline - Year 2004'),
(38, 'Transport', 'Passenger Car - Gasoline - Year 2005-present'),
(39, 'Transport', 'Passenger Car - Diesel - Year 1960-1982'),
(40, 'Transport', 'Passenger Car - Diesel - Year 1983-present'),
(41, 'Transport', 'Passenger Car - Fuel Unknown'),
(42, 'Transport', 'Light Goods Vehicle - CNG'),
(43, 'Transport', 'Light Goods Vehicle - LPG'),
(44, 'Transport', 'Light Goods Vehicle - Ethanol'),
(45, 'Transport', 'Light Goods Vehicle - Gasoline - Year 1987-1993'),
(46, 'Transport', 'Light Goods Vehicle - Gasoline - Year 1994'),
(47, 'Transport', 'Light Goods Vehicle - Gasoline - Year 1995'),
(48, 'Transport', 'Light Goods Vehicle - Gasoline - Year 1996'),
(49, 'Transport', 'Light Goods Vehicle - Gasoline - Year 1997'),
(50, 'Transport', 'Light Goods Vehicle - Gasoline - Year 1998'),
(51, 'Transport', 'Light Goods Vehicle - Gasoline - Year 1999'),
(52, 'Transport', 'Light Goods Vehicle - Gasoline - Year 2000'),
(53, 'Transport', 'Light Goods Vehicle - Gasoline - Year 2001'),
(54, 'Transport', 'Light Goods Vehicle - Gasoline - Year 2002'),
(55, 'Transport', 'Light Goods Vehicle - Gasoline - Year 2003'),
(56, 'Transport', 'Light Goods Vehicle - Gasoline - Year 2004'),
(57, 'Transport', 'Light Goods Vehicle - Gasoline - Year 2005-present'),
(58, 'Transport', 'Light Goods Vehicle - Diesel - Year 1960-1982'),
(59, 'Transport', 'Light Goods Vehicle - Diesel - Year 1983-1995'),
(60, 'Transport', 'Light Goods Vehicle - Diesel - Year 1996-present'),
(61, 'Transport', 'Light Goods Vehicle - Fuel Unknown'),
(62, 'Transport', 'Heavy Duty Vehicle - Rigid - Gasoline - Year 1985-1986'),
(63, 'Transport', 'Heavy Duty Vehicle - Rigid - Gasoline - Year 1987'),
(64, 'Transport', 'Heavy Duty Vehicle - Rigid - Gasoline - Year 1988-1989'),
(65, 'Transport', 'Heavy Duty Vehicle - Rigid - Gasoline - Year 1990-1995'),
(66, 'Transport', 'Heavy Duty Vehicle - Rigid - Gasoline - Year 1996'),
(67, 'Transport', 'Heavy Duty Vehicle - Rigid - Gasoline - Year 1997'),
(68, 'Transport', 'Heavy Duty Vehicle - Rigid - Gasoline - Year 1998'),
(69, 'Transport', 'Heavy Duty Vehicle - Rigid - Gasoline - Year 1999'),
(70, 'Transport', 'Heavy Duty Vehicle - Rigid - Gasoline - Year 2000'),
(71, 'Transport', 'Heavy Duty Vehicle - Rigid - Gasoline - Year 2001'),
(72, 'Transport', 'Heavy Duty Vehicle - Rigid - Gasoline - Year 2002'),
(73, 'Transport', 'Heavy Duty Vehicle - Rigid - Gasoline - Year 2003'),
(74, 'Transport', 'Heavy Duty Vehicle - Rigid - Gasoline - Year 2004'),
(75, 'Transport', 'Heavy Duty Vehicle - Rigid - Gasoline - Year 2005-present'),
(76, 'Transport', 'Heavy Duty Vehicle - Rigid - Diesel - Year 1960-present'),
(77, 'Transport', 'Heavy Duty Vehicle - Rigid - CNG'),
(78, 'Transport', 'Heavy Duty Vehicle - Rigid - LNG'),
(79, 'Transport', 'Heavy Duty Vehicle - Rigid - LPG'),
(80, 'Transport', 'Heavy Duty Vehicle - Rigid - Ethanol'),
(81, 'Transport', 'Heavy Duty Vehicle - Rigid - Fuel Unknown'),
(82, 'Transport', 'Heavy Duty Vehicle - Articulated - Gasoline - Year 1985-1986'),
(83, 'Transport', 'Heavy Duty Vehicle - Articulated - Gasoline - Year 1987'),
(84, 'Transport', 'Heavy Duty Vehicle - Articulated - Gasoline - Year 1988-1989'),
(85, 'Transport', 'Heavy Duty Vehicle - Articulated - Gasoline - Year 1990-1995'),
(86, 'Transport', 'Heavy Duty Vehicle - Articulated - Gasoline - Year 1996'),
(87, 'Transport', 'Heavy Duty Vehicle - Articulated - Gasoline - Year 1997'),
(88, 'Transport', 'Heavy Duty Vehicle - Articulated - Gasoline - Year 1998'),
(89, 'Transport', 'Heavy Duty Vehicle - Articulated - Gasoline - Year 1999'),
(90, 'Transport', 'Heavy Duty Vehicle - Articulated - Gasoline - Year 2000'),
(91, 'Transport', 'Heavy Duty Vehicle - Articulated - Gasoline - Year 2001'),
(92, 'Transport', 'Heavy Duty Vehicle - Articulated - Gasoline - Year 2002'),
(93, 'Transport', 'Heavy Duty Vehicle - Articulated - Gasoline - Year 2003'),
(94, 'Transport', 'Heavy Duty Vehicle - Articulated - Gasoline - Year 2004'),
(95, 'Transport', 'Heavy Duty Vehicle - Articulated - Gasoline - Year 2005-present'),
(96, 'Transport', 'Heavy Duty Vehicle - Articulated - Diesel - Year 1960-present'),
(97, 'Transport', 'Heavy Duty Vehicle - Articulated - CNG'),
(98, 'Transport', 'Heavy Duty Vehicle - Articulated - LNG'),
(99, 'Transport', 'Heavy Duty Vehicle - Articulated - LPG'),
(100, 'Transport', 'Heavy Duty Vehicle - Articulated - Ethanol'),
(101, 'Transport', 'Heavy Duty Vehicle - Articulated - Fuel Unknown'),
(102, 'Transport', 'Motorbike - Non-Catalyst Control'),
(103, 'Transport', 'Motorbike - Uncontrolled'),
(104, 'Transport', 'Motorbike - Control Unknown'),
(105, 'Transport', 'Other');

-- --------------------------------------------------------

--
-- Table structure for table `public_transport`
--

CREATE TABLE `public_transport` (
  `id` int(11) NOT NULL,
  `Public_Transport` varchar(255) NOT NULL,
  `region` varchar(20) NOT NULL,
  `CO2` float NOT NULL,
  `CH4` float NOT NULL,
  `N2O` float NOT NULL
) ENGINE=InnoDB DEFAULT CHARSET=utf8mb4 COLLATE=utf8mb4_general_ci;

--
-- Dumping data for table `public_transport`
--

INSERT INTO `public_transport` (`id`, `Public_Transport`, `region`, `CO2`, `CH4`, `N2O`) VALUES
(1, 'Train - Light Rail', '0', 262.322, 0.00643736, 0.00321868),
(2, 'Train - Tram', '0', 262.322, 0.00643736, 0.00321868),
(3, 'Train - Average (Light Rail and Tram)', '0', 262.322, 0.00643736, 0.00321868),
(4, 'Train - National Rail', '0', 297.728, 0.00321868, 0.00160934),
(5, 'Train - Subway', '0', 262.322, 0.00643736, 0.00321868),
(6, 'Taxi', '0', 370.148, 0.0321868, 0.0337961),
(7, 'Bus - Local Bus', '0', 172.199, 0.000965604, 0.00080467),
(8, 'Bus - Coach', '0', 172.199, 0.000965604, 0.00080467),
(9, 'Bus - Type Unknown', '0', 172.199, 0.000965604, 0.00080467),
(10, 'Train - Light Rail', '68', 76.8, 0.0019, 0.0014),
(11, 'Train - Tram', '68', 76.8, 0.0019, 0.0014),
(12, 'Train - Average (Light Rail and Tram)', '68', 76.8, 0.0019, 0.0014),
(13, 'Train - National Rail', '68', 53.4, 0.00286, 0.0098),
(14, 'Train - Subway', '68', 74.14, 0.0019, 0.0014),
(15, 'Taxi', '68', 152.3, 0.0017, 0.0038),
(16, 'Bus - Local Bus', '68', 157.26, 0.00952, 0.0041),
(17, 'Bus - Coach', '68', 30, 0.00381, 0.0018),
(18, 'Bus - Type Unknown', '68', 133.94, 0.00762, 0.0033),
(19, 'Train - Light Rail', '1', 262.322, 0.00643736, 0.00321868),
(20, 'Train - Tram', '1', 262.322, 0.00643736, 0.00321868),
(21, 'Train - Average (Light Rail and Tram)', '1', 262.322, 0.00643736, 0.00321868),
(22, 'Train - National Rail', '1', 297.728, 0.00321868, 0.00160934),
(23, 'Air - Domestic', '0', 171.47, 0, 0),
(24, 'Air - Short Haul - Seating Unknown', '0', 97, 0, 0),
(25, 'Air - Short Haul - Economy Class', '0', 92.45, 0, 0),
(26, 'Air - Short Haul - First/Business Class', '0', 138.67, 0, 0),
(27, 'Air - Long Haul - Seating Unknown', '0', 113.19, 0, 0),
(28, 'Air - Long Haul - Economy Class', '0', 82.63, 0, 0),
(29, 'Air - Long Haul - Economy+ Class', '0', 132.21, 0, 0),
(30, 'Air - Long Haul - Business Class', '0', 239.63, 0, 0),
(31, 'Air - Long Haul - First Class', '0', 330.52, 0, 0),
(32, 'Train - Light Rail', '0', 262.322, 0.00643736, 0.00321868),
(33, 'Train - Tram', '0', 262.322, 0.00643736, 0.00321868),
(34, 'Train - Average (Light Rail and Tram)', '0', 262.322, 0.00643736, 0.00321868),
(35, 'Train - National Rail', '0', 297.728, 0.00321868, 0.00160934),
(36, 'Train - Subway', '0', 262.322, 0.00643736, 0.00321868),
(37, 'Taxi', '0', 370.148, 0.0321868, 0.0337961),
(38, 'Bus - Local Bus', '0', 172.199, 0.000965604, 0.00080467),
(39, 'Bus - Coach', '0', 172.199, 0.000965604, 0.00080467),
(40, 'Bus - Type Unknown', '0', 172.199, 0.000965604, 0.00080467),
(41, 'Large RoPax Ferry', '0', 115.2, 0, 0),
(42, 'Air - Domestic', 'UK', 171.47, 0, 0),
(43, 'Air - Short Haul - Seating Unknown', '68', 97, 0, 0),
(44, 'Air - Short Haul - Economy Class', '68', 92.45, 0, 0),
(45, 'Air - Short Haul - First/Business Class', '68', 138.67, 0, 0),
(46, 'Air - Long Haul - Seating Unknown', '68', 113.19, 0, 0),
(47, 'Air - Long Haul - Economy Class', '68', 82.63, 0, 0),
(48, 'Air - Long Haul - Economy+ Class', '68', 132.21, 0, 0),
(49, 'Air - Long Haul - Business Class', '68', 239.63, 0, 0),
(50, 'Air - Long Haul - First Class', '68', 330.52, 0, 0),
(51, 'Train - Light Rail', '68', 76.8, 0.0019, 0.0014),
(52, 'Train - Tram', '68', 76.8, 0.0019, 0.0014),
(53, 'Train - Average (Light Rail and Tram)', '68', 76.8, 0.0019, 0.0014),
(54, 'Train - National Rail', '68', 53.4, 0.00286, 0.0098),
(55, 'Train - Subway', '68', 74.14, 0.0019, 0.0014),
(56, 'Taxi', '68', 152.3, 0.0017, 0.0038),
(57, 'Bus - Local Bus', '68', 157.26, 0.00952, 0.0041),
(58, 'Bus - Coach', '68', 30, 0.00381, 0.0018),
(59, 'Bus - Type Unknown', '68', 133.94, 0.00762, 0.0033),
(60, 'Large RoPax Ferry', '68', 115.16, 0, 0),
(61, 'Air - Domestic', '1', 171.47, 0, 0),
(62, 'Air - Short Haul - Seating Unknown', '1', 97, 0, 0),
(63, 'Air - Short Haul - Economy Class', '1', 92.45, 0, 0),
(64, 'Air - Short Haul - First/Business Class', '1', 138.67, 0, 0),
(65, 'Air - Long Haul - Seating Unknown', '1', 113.19, 0, 0),
(66, 'Air - Long Haul - Economy Class', '1', 82.63, 0, 0),
(67, 'Air - Long Haul - Economy+ Class', '1', 132.21, 0, 0),
(68, 'Air - Long Haul - Business Class', '1', 239.63, 0, 0),
(69, 'Air - Long Haul - First Class', '1', 330.52, 0, 0),
(70, 'Train - Light Rail', '1', 262.322, 0.00643736, 0.00321868),
(71, 'Train - Tram', '1', 262.322, 0.00643736, 0.00321868),
(72, 'Train - Average (Light Rail and Tram)', '1', 262.322, 0.00643736, 0.00321868),
(73, 'Train - National Rail', '1', 297.728, 0.00321868, 0.00160934),
(74, 'Train - Subway', '1', 262.322, 0.00643736, 0.00321868),
(75, 'Taxi', '1', 370.148, 0.0321868, 0.0337961),
(76, 'Bus - Local Bus', '1', 172.199, 0.000965604, 0.00080467),
(77, 'Bus - Coach', '1', 172.199, 0.000965604, 0.00080467),
(78, 'Bus - Type Unknown', '1', 172.199, 0.000965604, 0.00080467),
(79, 'Large RoPax Ferry', '1', 115.16, 0, 0);

-- --------------------------------------------------------

--
-- Table structure for table `public_transport_old`
--

CREATE TABLE `public_transport_old` (
  `id` int(11) NOT NULL,
  `Public_Transport` varchar(255) NOT NULL,
  `region` varchar(20) NOT NULL,
  `CO2` float NOT NULL,
  `CH4` float NOT NULL,
  `N2O` float NOT NULL
) ENGINE=InnoDB DEFAULT CHARSET=utf8mb4 COLLATE=utf8mb4_general_ci;

--
-- Dumping data for table `public_transport_old`
--

INSERT INTO `public_transport_old` (`id`, `Public_Transport`, `region`, `CO2`, `CH4`, `N2O`) VALUES
(1, 'Train - Light Rail', '0', 262.322, 0.00643736, 0.00321868),
(2, 'Train - Tram', '0', 262.322, 0.00643736, 0.00321868),
(3, 'Train - Average (Light Rail and Tram)', '0', 262.322, 0.00643736, 0.00321868),
(4, 'Train - National Rail', '0', 297.728, 0.00321868, 0.00160934),
(5, 'Train - Subway', '0', 262.322, 0.00643736, 0.00321868),
(6, 'Taxi', '0', 370.148, 0.0321868, 0.0337961),
(7, 'bus', '0', 172.199, 0.000965604, 0.00080467),
(8, 'bus', '0', 172.199, 0.000965604, 0.00080467),
(9, 'bus', '0', 172.199, 0.000965604, 0.00080467),
(10, 'Train - Light Rail', '68', 76.8, 0.0019, 0.0014),
(11, 'Train - Tram', '68', 76.8, 0.0019, 0.0014),
(12, 'Train - Average (Light Rail and Tram)', '68', 76.8, 0.0019, 0.0014),
(13, 'Train - National Rail', '68', 53.4, 0.00286, 0.0098),
(14, 'Train - Subway', '68', 74.14, 0.0019, 0.0014),
(15, 'Taxi', '68', 152.3, 0.0017, 0.0038),
(16, 'bus', '68', 157.26, 0.00952, 0.0041),
(17, 'bus', '68', 30, 0.00381, 0.0018),
(18, 'bus', '68', 133.94, 0.00762, 0.0033),
(19, 'Train - Light Rail', '1', 262.322, 0.00643736, 0.00321868),
(20, 'Train - Tram', '1', 262.322, 0.00643736, 0.00321868),
(21, 'Train - Average (Light Rail and Tram)', '1', 262.322, 0.00643736, 0.00321868),
(22, 'Train - National Rail', '1', 297.728, 0.00321868, 0.00160934),
(23, 'Air - Domestic', '0', 171.47, 0, 0),
(24, 'Air - Short Haul - Seating Unknown', '0', 97, 0, 0),
(25, 'Air - Short Haul - Economy Class', '0', 92.45, 0, 0),
(26, 'bus', '0', 138.67, 0, 0),
(27, 'Air - Long Haul - Seating Unknown', '0', 113.19, 0, 0),
(28, 'Air - Long Haul - Economy Class', '0', 82.63, 0, 0),
(29, 'Air - Long Haul - Economy+ Class', '0', 132.21, 0, 0),
(30, 'bus', '0', 239.63, 0, 0),
(31, 'Air - Long Haul - First Class', '0', 330.52, 0, 0),
(32, 'Train - Light Rail', '0', 262.322, 0.00643736, 0.00321868),
(33, 'Train - Tram', '0', 262.322, 0.00643736, 0.00321868),
(34, 'Train - Average (Light Rail and Tram)', '0', 262.322, 0.00643736, 0.00321868),
(35, 'Train - National Rail', '0', 297.728, 0.00321868, 0.00160934),
(36, 'Train - Subway', '0', 262.322, 0.00643736, 0.00321868),
(37, 'Taxi', '0', 370.148, 0.0321868, 0.0337961),
(38, 'bus', '0', 172.199, 0.000965604, 0.00080467),
(39, 'bus', '0', 172.199, 0.000965604, 0.00080467),
(40, 'bus', '0', 172.199, 0.000965604, 0.00080467),
(41, 'Large RoPax Ferry', '0', 115.2, 0, 0),
(42, 'Air - Domestic', 'UK', 171.47, 0, 0),
(43, 'Air - Short Haul - Seating Unknown', '68', 97, 0, 0),
(44, 'Air - Short Haul - Economy Class', '68', 92.45, 0, 0),
(45, 'bus', '68', 138.67, 0, 0),
(46, 'Air - Long Haul - Seating Unknown', '68', 113.19, 0, 0),
(47, 'Air - Long Haul - Economy Class', '68', 82.63, 0, 0),
(48, 'Air - Long Haul - Economy+ Class', '68', 132.21, 0, 0),
(49, 'bus', '68', 239.63, 0, 0),
(50, 'Air - Long Haul - First Class', '68', 330.52, 0, 0),
(51, 'Train - Light Rail', '68', 76.8, 0.0019, 0.0014),
(52, 'Train - Tram', '68', 76.8, 0.0019, 0.0014),
(53, 'Train - Average (Light Rail and Tram)', '68', 76.8, 0.0019, 0.0014),
(54, 'Train - National Rail', '68', 53.4, 0.00286, 0.0098),
(55, 'Train - Subway', '68', 74.14, 0.0019, 0.0014),
(56, 'Taxi', '68', 152.3, 0.0017, 0.0038),
(57, 'bus', '68', 157.26, 0.00952, 0.0041),
(58, 'bus', '68', 30, 0.00381, 0.0018),
(59, 'bus', '68', 133.94, 0.00762, 0.0033),
(60, 'Large RoPax Ferry', '68', 115.16, 0, 0),
(61, 'Air - Domestic', '1', 171.47, 0, 0),
(62, 'Air - Short Haul - Seating Unknown', '1', 97, 0, 0),
(63, 'Air - Short Haul - Economy Class', '1', 92.45, 0, 0),
(64, 'bus', '1', 138.67, 0, 0),
(65, 'Air - Long Haul - Seating Unknown', '1', 113.19, 0, 0),
(66, 'Air - Long Haul - Economy Class', '1', 82.63, 0, 0),
(67, 'Air - Long Haul - Economy+ Class', '1', 132.21, 0, 0),
(68, 'bus', '1', 239.63, 0, 0),
(69, 'Air - Long Haul - First Class', '1', 330.52, 0, 0),
(70, 'Train - Light Rail', '1', 262.322, 0.00643736, 0.00321868),
(71, 'Train - Tram', '1', 262.322, 0.00643736, 0.00321868),
(72, 'Train - Average (Light Rail and Tram)', '1', 262.322, 0.00643736, 0.00321868),
(73, 'Train - National Rail', '1', 297.728, 0.00321868, 0.00160934),
(74, 'Train - Subway', '1', 262.322, 0.00643736, 0.00321868),
(75, 'Taxi', '1', 370.148, 0.0321868, 0.0337961),
(76, 'bus', '1', 172.199, 0.000965604, 0.00080467),
(77, 'bus', '1', 172.199, 0.000965604, 0.00080467),
(78, 'bus', '1', 172.199, 0.000965604, 0.00080467),
(79, 'Large RoPax Ferry', '1', 115.16, 0, 0);

-- --------------------------------------------------------

--
-- Table structure for table `transport_emission_factors`
--

CREATE TABLE `transport_emission_factors` (
  `id` int(11) NOT NULL,
  `item` varchar(100) DEFAULT NULL,
  `unit` varchar(50) DEFAULT NULL,
  `emission_factor` float DEFAULT NULL
) ENGINE=InnoDB DEFAULT CHARSET=utf8mb4 COLLATE=utf8mb4_general_ci;

--
-- Dumping data for table `transport_emission_factors`
--

INSERT INTO `transport_emission_factors` (`id`, `item`, `unit`, `emission_factor`) VALUES
(1, 'Domestic flights', 'pkm', 0.1733),
(2, 'International flights', 'pkm', 0.1143),
(3, 'Passenger Train', 'person/trip', 0.0536);

-- --------------------------------------------------------

--
-- Table structure for table `vehicle_fuel_consumption`
--

CREATE TABLE `vehicle_fuel_consumption` (
  `id` int(11) NOT NULL,
  `vehicle_type` varchar(255) DEFAULT NULL,
  `consumption_rate` float DEFAULT NULL,
  `unit` varchar(50) DEFAULT NULL,
  `reference` text DEFAULT NULL
) ENGINE=InnoDB DEFAULT CHARSET=utf8mb4 COLLATE=utf8mb4_general_ci;

--
-- Dumping data for table `vehicle_fuel_consumption`
--

INSERT INTO `vehicle_fuel_consumption` (`id`, `vehicle_type`, `consumption_rate`, `unit`, `reference`) VALUES
(1, 'air-conditioned bus', 2.85, 'km/litre', 'American Petroleum Institute, 2004'),
(2, 'normal bus', 3, 'km/litre', 'http://iw.libarts.psu.ac.th/building/index.php/ar3/car-2'),
(3, 'van', 10.204, 'km/litre', 'American Petroleum Institute, 2004'),
(4, 'Small passenger cars (1500 cc)', 17.77, 'km/litre', 'Pollution Control Department, 2008'),
(5, 'Mid-size passenger car (1600 cc)', 15.238, 'km/litre', 'Pollution Control Department, 2008'),
(6, 'Mid-size passenger car (1800 cc)', 13.796, 'km/litre', 'Pollution Control Department, 2008'),
(7, 'Large-size passenger car (2000 cc)', 12.248, 'km/litre', 'Pollution Control Department, 2008'),
(8, 'average passenger cars of all sizes', 14.763, 'km/litre', 'Pollution Control Department, 2008'),
(9, 'Average pickup truck', 6.369, 'km/litre', 'American Petroleum Institute, 2004'),
(10, '1 ton personal pickup truck', 11.111, 'km/litre', 'American Petroleum Institute, 2004'),
(11, 'NGV vehicle', 11.905, 'km/kg', 'American Petroleum Institute, 2004'),
(12, 'LPG vehicle', 8.929, 'km/litre', 'American Petroleum Institute, 2004'),
(13, '4-stroke engine motorcycle, smaller than 125 cc', 36.625, 'km/litre', 'Pollution control department, 2551'),
(14, '4-stroke engine motorcycle, 125 cc', 38.655, 'km/litre', 'Pollution control department, 2551'),
(15, '2-stroke engine motorcycle, 120cc', 37.245, 'km/litre', 'Pollution control department, 2551'),
(16, '2-stroke engine motorcycle, 150cc', 27.625, 'km/litre', 'Pollution control department, 2551'),
(17, '4-stroke engine motorcycle, average for all size', 37.64, 'km/litre', 'Pollution control department, 2551'),
(18, '2-stroke engine motorcycle, average for all size', 32.435, 'km/litre', 'Pollution control department, 2551');

-- --------------------------------------------------------

--
-- Table structure for table `vehicle_pub`
--

CREATE TABLE `vehicle_pub` (
  `id` int(11) NOT NULL,
  `vehicle_pub_data` varchar(255) DEFAULT NULL,
  `Region` int(11) DEFAULT NULL,
  `Fuel Efficiency` decimal(4,1) DEFAULT NULL,
  `CO2` decimal(11,7) DEFAULT NULL,
  `CH4` decimal(11,9) DEFAULT NULL,
  `N2O` decimal(11,9) DEFAULT NULL
) ENGINE=InnoDB DEFAULT CHARSET=utf8mb4 COLLATE=utf8mb4_general_ci;

--
-- Dumping data for table `vehicle_pub`
--

INSERT INTO `vehicle_pub` (`id`, `vehicle_pub_data`, `Region`, `Fuel Efficiency`, `CO2`, `CH4`, `N2O`) VALUES
(4, 'Bus - CNG', 0, 2.4, 0.0000000, NULL, NULL),
(5, 'Bus - Ethanol', 0, 5.0, 1789.5860800, NULL, NULL),
(6, 'Bus - Diesel', 0, 3.7, 4406.5469030, NULL, NULL),
(7, 'Bus - Gasoline', 0, 5.0, 2767.6576340, NULL, NULL),
(8, 'Passenger Car - Gasoline - Year 1984-1993', 0, 22.5, 615.0350304, NULL, NULL),
(9, 'Passenger Car - Gasoline - Year 1994', 0, 22.5, 615.0350304, NULL, NULL),
(10, 'Passenger Car - Gasoline - Year 1995', 0, 22.5, 615.0350304, NULL, NULL),
(11, 'Passenger Car - Gasoline - Year 1996', 0, 22.5, 615.0350304, NULL, NULL),
(12, 'Passenger Car - Gasoline - Year 1997', 0, 22.5, 615.0350304, NULL, NULL),
(13, 'Passenger Car - Gasoline - Year 1998', 0, 22.5, 615.0350304, NULL, NULL),
(14, 'Passenger Car - Gasoline - Year 1999', 0, 22.5, 615.0350304, NULL, NULL),
(15, 'Passenger Car - Gasoline - Year 2000', 0, 22.5, 615.0350304, NULL, NULL),
(16, 'Passenger Car - Gasoline - Year 2001', 0, 22.5, 615.0350304, NULL, NULL),
(17, 'Passenger Car - Gasoline - Year 2002', 0, 22.5, 615.0350304, NULL, NULL),
(18, 'Passenger Car - Gasoline - Year 2003', 0, 22.5, 615.0350304, NULL, NULL),
(19, 'Passenger Car - Gasoline - Year 2004', 0, 22.5, 615.0350304, NULL, NULL),
(20, 'Passenger Car - Gasoline - Year 2005-present', 0, 22.5, 615.0350304, NULL, NULL),
(21, 'Passenger Car - Diesel - Year 1960-1982', 0, 22.5, 724.6321579, NULL, NULL),
(22, 'Passenger Car - Diesel - Year 1983-present', 0, 22.5, 724.6321579, NULL, NULL),
(23, 'Passenger Car - Fuel Unknown', 0, 22.5, 0.0000000, NULL, NULL),
(24, 'Light Goods Vehicle - CNG', 0, 16.2, 0.0000000, NULL, NULL),
(25, 'Light Goods Vehicle - LPG', 0, 16.2, 605.9860496, NULL, NULL),
(26, 'Light Goods Vehicle - Ethanol', 0, 16.2, 552.3413835, NULL, NULL),
(27, 'Light Goods Vehicle - Gasoline - Year 1987-1993', 0, 16.2, 854.2153199, NULL, NULL),
(28, 'Light Goods Vehicle - Gasoline - Year 1994', 0, 16.2, 854.2153199, NULL, NULL),
(29, 'Light Goods Vehicle - Gasoline - Year 1995', 0, 16.2, 854.2153199, NULL, NULL),
(30, 'Light Goods Vehicle - Gasoline - Year 1996', 0, 16.2, 854.2153199, NULL, NULL),
(31, 'Light Goods Vehicle - Gasoline - Year 1997', 0, 16.2, 854.2153199, NULL, NULL),
(32, 'Light Goods Vehicle - Gasoline - Year 1998', 0, 16.2, 854.2153199, NULL, NULL),
(33, 'Light Goods Vehicle - Gasoline - Year 1999', 0, 16.2, 854.2153199, NULL, NULL),
(34, 'Light Goods Vehicle - Gasoline - Year 2000', 0, 16.2, 854.2153199, NULL, NULL),
(35, 'Light Goods Vehicle - Gasoline - Year 2001', 0, 16.2, 854.2153199, NULL, NULL),
(36, 'Light Goods Vehicle - Gasoline - Year 2002', 0, 16.2, 854.2153199, NULL, NULL),
(37, 'Light Goods Vehicle - Gasoline - Year 2003', 0, 16.2, 854.2153199, NULL, NULL),
(38, 'Light Goods Vehicle - Gasoline - Year 2004', 0, 16.2, 854.2153199, NULL, NULL),
(39, 'Light Goods Vehicle - Gasoline - Year 2005-present', 0, 16.2, 854.2153199, NULL, NULL),
(40, 'Light Goods Vehicle - Diesel - Year 1960-1982', 0, 16.2, 1006.4335510, NULL, NULL),
(41, 'Light Goods Vehicle - Diesel - Year 1983-1995', 0, 16.2, 1006.4335510, NULL, NULL),
(42, 'Light Goods Vehicle - Diesel - Year 1996-present', 0, 16.2, 1006.4335510, NULL, NULL),
(43, 'Light Goods Vehicle - Fuel Unknown', 0, 16.2, 0.0000000, NULL, NULL),
(44, 'Heavy Duty Vehicle - Rigid - Gasoline - Year 1985-1986', 0, 8.8, 1572.5327460, NULL, NULL),
(45, 'Heavy Duty Vehicle - Rigid - Gasoline - Year 1987', 0, 8.8, 1572.5327460, NULL, NULL),
(46, 'Heavy Duty Vehicle - Rigid - Gasoline - Year 1988-1989', 0, 8.8, 1572.5327460, NULL, NULL),
(47, 'Heavy Duty Vehicle - Rigid - Gasoline - Year 1990-1995', 0, 8.8, 1572.5327460, NULL, NULL),
(48, 'Heavy Duty Vehicle - Rigid - Gasoline - Year 1996', 0, 8.8, 1572.5327460, NULL, NULL),
(49, 'Heavy Duty Vehicle - Rigid - Gasoline - Year 1997', 0, 8.8, 1572.5327460, NULL, NULL),
(50, 'Heavy Duty Vehicle - Rigid - Gasoline - Year 1998', 0, 8.8, 1572.5327460, NULL, NULL),
(51, 'Heavy Duty Vehicle - Rigid - Gasoline - Year 1999', 0, 8.8, 1572.5327460, NULL, NULL),
(52, 'Heavy Duty Vehicle - Rigid - Gasoline - Year 2000', 0, 8.8, 1572.5327460, NULL, NULL),
(53, 'Heavy Duty Vehicle - Rigid - Gasoline - Year 2001', 0, 8.8, 1572.5327460, NULL, NULL),
(54, 'Heavy Duty Vehicle - Rigid - Gasoline - Year 2002', 0, 8.8, 1572.5327460, NULL, NULL),
(55, 'Heavy Duty Vehicle - Rigid - Gasoline - Year 2003', 0, 8.8, 1572.5327460, NULL, NULL),
(56, 'Heavy Duty Vehicle - Rigid - Gasoline - Year 2004', 0, 8.8, 1572.5327460, NULL, NULL),
(57, 'Heavy Duty Vehicle - Rigid - Gasoline - Year 2005-present', 0, 8.8, 1572.5327460, NULL, NULL),
(58, 'Heavy Duty Vehicle - Rigid - Diesel - Year 1960-present', 0, 8.8, 1852.7526750, NULL, NULL),
(59, 'Heavy Duty Vehicle - Rigid - CNG', 0, 8.8, 0.0000000, NULL, NULL),
(60, 'Heavy Duty Vehicle - Rigid - LNG', 0, 8.8, 815.6427730, NULL, NULL),
(61, 'Heavy Duty Vehicle - Rigid - LPG', 0, 8.8, 1115.5652270, NULL, NULL),
(62, 'Heavy Duty Vehicle - Rigid - Ethanol', 0, 8.8, 1016.8102730, NULL, NULL),
(63, 'Heavy Duty Vehicle - Rigid - Fuel Unknown', 0, 8.8, 0.0000000, NULL, NULL),
(64, 'Heavy Duty Vehicle - Articulated - Gasoline - Year 1985-1986', 0, 5.9, 2345.4725710, NULL, NULL),
(65, 'Heavy Duty Vehicle - Articulated - Gasoline - Year 1987', 0, 5.9, 2345.4725710, NULL, NULL),
(66, 'Heavy Duty Vehicle - Articulated - Gasoline - Year 1988-1989', 0, 5.9, 2345.4725710, NULL, NULL),
(67, 'Heavy Duty Vehicle - Articulated - Gasoline - Year 1990-1995', 0, 5.9, 2345.4725710, NULL, NULL),
(68, 'Heavy Duty Vehicle - Articulated - Gasoline - Year 1996', 0, 5.9, 2345.4725710, NULL, NULL),
(69, 'Heavy Duty Vehicle - Articulated - Gasoline - Year 1997', 0, 5.9, 2345.4725710, NULL, NULL),
(70, 'Heavy Duty Vehicle - Articulated - Gasoline - Year 1998', 0, 5.9, 2345.4725710, NULL, NULL),
(71, 'Heavy Duty Vehicle - Articulated - Gasoline - Year 1999', 0, 5.9, 2345.4725710, NULL, NULL),
(72, 'Heavy Duty Vehicle - Articulated - Gasoline - Year 2000', 0, 5.9, 2345.4725710, NULL, NULL),
(73, 'Heavy Duty Vehicle - Articulated - Gasoline - Year 2001', 0, 5.9, 2345.4725710, NULL, NULL),
(74, 'Heavy Duty Vehicle - Articulated - Gasoline - Year 2002', 0, 5.9, 2345.4725710, NULL, NULL),
(75, 'Heavy Duty Vehicle - Articulated - Gasoline - Year 2003', 0, 5.9, 2345.4725710, NULL, NULL),
(76, 'Heavy Duty Vehicle - Articulated - Gasoline - Year 2004', 0, 5.9, 2345.4725710, NULL, NULL),
(77, 'Heavy Duty Vehicle - Articulated - Gasoline - Year 2005-present', 0, 5.9, 2345.4725710, NULL, NULL),
(78, 'Heavy Duty Vehicle - Articulated - Diesel - Year 1960-present', 0, 5.9, 2763.4277190, NULL, NULL),
(79, 'Heavy Duty Vehicle - Articulated - CNG', 0, 5.9, 0.0000000, NULL, NULL),
(80, 'Heavy Duty Vehicle - Articulated - LNG', 0, 5.9, 1216.5519320, NULL, NULL),
(81, 'Heavy Duty Vehicle - Articulated - LPG', 0, 5.9, 1663.8938980, NULL, NULL),
(82, 'Heavy Duty Vehicle - Articulated - Ethanol', 0, 5.9, 1516.5983720, NULL, NULL),
(83, 'Heavy Duty Vehicle - Articulated - Fuel Unknown', 0, 5.9, 0.0000000, NULL, NULL),
(84, 'Motorbike - Non-Catalyst Control', 0, 50.0, 326.0844708, NULL, NULL),
(85, 'Motorbike - Uncontrolled', 0, 50.0, 326.0844708, NULL, NULL),
(86, 'Motorbike - Control Unknown', 0, 50.0, 326.0844708, NULL, NULL),
(87, 'Bus - CNG', 1, 2.4, 0.0000000, 3.163962440, 0.281634500),
(88, 'Bus - Ethanol', 1, 5.0, 1789.5860800, 0.317039980, 0.281634500),
(89, 'Bus - Diesel', 1, 3.7, 4414.8110810, 0.008207634, 0.007724832),
(90, 'Bus - Gasoline', 1, 5.0, 2835.6570800, 0.033796140, 0.027358780),
(91, 'Passenger Car - Gasoline - Year 1984-1993', 1, 22.5, 630.1460185, 0.113297536, 0.104124298),
(92, 'Passenger Car - Gasoline - Year 1994', 1, 22.5, 630.1460185, 0.085455954, 0.090123040),
(93, 'Passenger Car - Gasoline - Year 1995', 1, 22.5, 630.1460185, 0.057614372, 0.076121782),
(94, 'Passenger Car - Gasoline - Year 1996', 1, 22.5, 630.1460185, 0.043774048, 0.068557884),
(95, 'Passenger Car - Gasoline - Year 1997', 1, 22.5, 630.1460185, 0.043130312, 0.067914148),
(96, 'Passenger Car - Gasoline - Year 1998', 1, 22.5, 630.1460185, 0.040072566, 0.063247062),
(97, 'Passenger Car - Gasoline - Year 1999', 1, 22.5, 630.1460185, 0.034761744, 0.054234758),
(98, 'Passenger Car - Gasoline - Year 2000', 1, 22.5, 630.1460185, 0.028646252, 0.043934982),
(99, 'Passenger Car - Gasoline - Year 2001', 1, 22.5, 630.1460185, 0.017702740, 0.025427572),
(100, 'Passenger Car - Gasoline - Year 2002', 1, 22.5, 630.1460185, 0.017219938, 0.024622902),
(101, 'Passenger Car - Gasoline - Year 2003', 1, 22.5, 630.1460185, 0.018346476, 0.021726090),
(102, 'Passenger Car - Gasoline - Year 2004', 1, 22.5, 630.1460185, 0.023335430, 0.013357522),
(103, 'Passenger Car - Gasoline - Year 2005-present', 1, 22.5, 630.1460185, 0.023657298, 0.012713786),
(104, 'Passenger Car - Diesel - Year 1960-1982', 1, 22.5, 725.9911554, 0.000965604, 0.001931208),
(105, 'Passenger Car - Diesel - Year 1983-present', 1, 22.5, 725.9911554, 0.000804670, 0.001609340),
(106, 'Passenger Car - Fuel Unknown', 1, 22.5, 0.0000000, 0.049889540, 0.051498880),
(107, 'Light Goods Vehicle - CNG', 1, 16.2, 0.0000000, 1.186083580, 0.080467000),
(108, 'Light Goods Vehicle - LPG', 1, 16.2, 575.1900364, 0.059545580, 0.107825780),
(109, 'Light Goods Vehicle - Ethanol', 1, 16.2, 552.3413835, 0.088513700, 0.107825780),
(110, 'Light Goods Vehicle - Gasoline - Year 1987-1993', 1, 16.2, 875.2028017, 0.130839342, 0.166566690),
(111, 'Light Goods Vehicle - Gasoline - Year 1994', 1, 16.2, 875.2028017, 0.103963364, 0.158037188),
(112, 'Light Goods Vehicle - Gasoline - Year 1995', 1, 16.2, 875.2028017, 0.083202878, 0.146128072),
(113, 'Light Goods Vehicle - Gasoline - Year 1996', 1, 16.2, 875.2028017, 0.072742168, 0.140173514),
(114, 'Light Goods Vehicle - Gasoline - Year 1997', 1, 16.2, 875.2028017, 0.072742168, 0.140173514),
(115, 'Light Goods Vehicle - Gasoline - Year 1998', 1, 16.2, 875.2028017, 0.062925194, 0.117159952),
(116, 'Light Goods Vehicle - Gasoline - Year 1999', 1, 16.2, 875.2028017, 0.051659814, 0.090766776),
(117, 'Light Goods Vehicle - Gasoline - Year 2000', 1, 16.2, 875.2028017, 0.055683164, 0.099940014),
(118, 'Light Goods Vehicle - Gasoline - Year 2001', 1, 16.2, 875.2028017, 0.024301034, 0.026393176),
(119, 'Light Goods Vehicle - Gasoline - Year 2002', 1, 16.2, 875.2028017, 0.028646252, 0.036692952),
(120, 'Light Goods Vehicle - Gasoline - Year 2003', 1, 16.2, 875.2028017, 0.024944770, 0.018346476),
(121, 'Light Goods Vehicle - Gasoline - Year 2004', 1, 16.2, 875.2028017, 0.024461968, 0.021243288),
(122, 'Light Goods Vehicle - Gasoline - Year 2005-present', 1, 16.2, 875.2028017, 0.025266638, 0.016254334),
(123, 'Light Goods Vehicle - Diesel - Year 1960-1982', 1, 16.2, 1008.3210500, 0.001770274, 0.002735878),
(124, 'Light Goods Vehicle - Diesel - Year 1983-1995', 1, 16.2, 1008.3210500, 0.001448406, 0.002253076),
(125, 'Light Goods Vehicle - Diesel - Year 1996-present', 1, 16.2, 1008.3210500, 0.001609340, 0.002414010),
(126, 'Light Goods Vehicle - Fuel Unknown', 1, 16.2, 0.0000000, 0.057936240, 0.075638980),
(127, 'Heavy Duty Vehicle - Rigid - Gasoline - Year 1985-1986', 1, 8.8, 1611.1687960, 0.658220060, 0.082881010),
(128, 'Heavy Duty Vehicle - Rigid - Gasoline - Year 1987', 1, 8.8, 1611.1687960, 0.591432450, 0.136632966),
(129, 'Heavy Duty Vehicle - Rigid - Gasoline - Year 1988-1989', 1, 8.8, 1611.1687960, 0.561981528, 0.150151422),
(130, 'Heavy Duty Vehicle - Rigid - Gasoline - Year 1990-1995', 1, 8.8, 1611.1687960, 0.522391764, 0.183786628),
(131, 'Heavy Duty Vehicle - Rigid - Gasoline - Year 1996', 1, 8.8, 1611.1687960, 0.205673652, 0.270369120),
(132, 'Heavy Duty Vehicle - Rigid - Gasoline - Year 1997', 1, 8.8, 1611.1687960, 0.148703016, 0.277772084),
(133, 'Heavy Duty Vehicle - Rigid - Gasoline - Year 1998', 1, 8.8, 1611.1687960, 0.103158694, 0.272461262),
(134, 'Heavy Duty Vehicle - Rigid - Gasoline - Year 1999', 1, 8.8, 1611.1687960, 0.093019852, 0.230940290),
(135, 'Heavy Duty Vehicle - Rigid - Gasoline - Year 2000', 1, 8.8, 1611.1687960, 0.079340462, 0.175739928),
(136, 'Heavy Duty Vehicle - Rigid - Gasoline - Year 2001', 1, 8.8, 1611.1687960, 0.084973152, 0.198753490),
(137, 'Heavy Duty Vehicle - Rigid - Gasoline - Year 2002', 1, 8.8, 1611.1687960, 0.087869964, 0.210340738),
(138, 'Heavy Duty Vehicle - Rigid - Gasoline - Year 2003', 1, 8.8, 1611.1687960, 0.085777822, 0.199558160),
(139, 'Heavy Duty Vehicle - Rigid - Gasoline - Year 2004', 1, 8.8, 1611.1687960, 0.054878494, 0.045866190),
(140, 'Heavy Duty Vehicle - Rigid - Gasoline - Year 2005-present', 1, 8.8, 1611.1687960, 0.052464484, 0.028485318),
(141, 'Heavy Duty Vehicle - Rigid - Diesel - Year 1960-present', 1, 8.8, 1856.2273870, 0.008207634, 0.007724832),
(142, 'Heavy Duty Vehicle - Rigid - CNG', 1, 8.8, 0.0000000, 3.163962440, 0.281634500),
(143, 'Heavy Duty Vehicle - Rigid - LNG', 1, 8.8, 815.6427730, 3.163962440, 0.281634500),
(144, 'Heavy Duty Vehicle - Rigid - LPG', 1, 8.8, 1058.8725670, 0.106216440, 0.281634500),
(145, 'Heavy Duty Vehicle - Rigid - Ethanol', 1, 8.8, 1016.8102730, 0.317039980, 0.281634500),
(146, 'Heavy Duty Vehicle - Rigid - Fuel Unknown', 1, 8.8, 0.0000000, 0.033796140, 0.027358780),
(147, 'Heavy Duty Vehicle - Articulated - Gasoline - Year 1985-1986', 1, 5.9, 2403.0992200, 0.658220060, 0.082881010),
(148, 'Heavy Duty Vehicle - Articulated - Gasoline - Year 1987', 1, 5.9, 2403.0992200, 0.591432450, 0.136632966),
(149, 'Heavy Duty Vehicle - Articulated - Gasoline - Year 1988-1989', 1, 5.9, 2403.0992200, 0.561981528, 0.150151422),
(150, 'Heavy Duty Vehicle - Articulated - Gasoline - Year 1990-1995', 1, 5.9, 2403.0992200, 0.522391764, 0.183786628),
(151, 'Heavy Duty Vehicle - Articulated - Gasoline - Year 1996', 1, 5.9, 2403.0992200, 0.205673652, 0.270369120),
(152, 'Heavy Duty Vehicle - Articulated - Gasoline - Year 1997', 1, 5.9, 2403.0992200, 0.148703016, 0.277772084),
(153, 'Heavy Duty Vehicle - Articulated - Gasoline - Year 1998', 1, 5.9, 2403.0992200, 0.103158694, 0.272461262),
(154, 'Heavy Duty Vehicle - Articulated - Gasoline - Year 1999', 1, 5.9, 2403.0992200, 0.093019852, 0.230940290),
(155, 'Heavy Duty Vehicle - Articulated - Gasoline - Year 2000', 1, 5.9, 2403.0992200, 0.079340462, 0.175739928),
(156, 'Heavy Duty Vehicle - Articulated - Gasoline - Year 2001', 1, 5.9, 2403.0992200, 0.084973152, 0.198753490),
(157, 'Heavy Duty Vehicle - Articulated - Gasoline - Year 2002', 1, 5.9, 2403.0992200, 0.087869964, 0.210340738),
(158, 'Heavy Duty Vehicle - Articulated - Gasoline - Year 2003', 1, 5.9, 2403.0992200, 0.085777822, 0.199558160),
(159, 'Heavy Duty Vehicle - Articulated - Gasoline - Year 2004', 1, 5.9, 2403.0992200, 0.054878494, 0.045866190),
(160, 'Heavy Duty Vehicle - Articulated - Gasoline - Year 2005-present', 1, 5.9, 2403.0992200, 0.052464484, 0.028485318),
(161, 'Heavy Duty Vehicle - Articulated - Diesel - Year 1960-present', 1, 5.9, 2768.6103390, 0.008207634, 0.007724832),
(162, 'Heavy Duty Vehicle - Articulated - CNG', 1, 5.9, 0.0000000, 3.163962440, 0.281634500),
(163, 'Heavy Duty Vehicle - Articulated - LNG', 1, 5.9, 1216.5519320, 3.163962440, 0.281634500),
(164, 'Heavy Duty Vehicle - Articulated - LPG', 1, 5.9, 1579.3353560, 0.106216440, 0.281634500),
(165, 'Heavy Duty Vehicle - Articulated - Ethanol', 1, 5.9, 1516.5983720, 0.317039980, 0.281634500),
(166, 'Heavy Duty Vehicle - Articulated - Fuel Unknown', 1, 5.9, 0.0000000, 0.033796140, 0.027358780),
(167, 'Motorbike - Non-Catalyst Control', 1, 50.0, 326.6960200, 0.108147648, 0.011104446),
(168, 'Motorbike - Uncontrolled', 1, 50.0, 326.6960200, 0.144679666, 0.014001258),
(169, 'Motorbike - Control Unknown', 1, 50.0, 326.6960200, 0.112653800, 0.011265380),
(170, 'Passenger Car - Petrol - Engine Size <1.4 liter', 68, NULL, 172.9700000, NULL, NULL),
(171, 'Passenger Car - Petrol - Engine Size 1.4 - 2.0 liters', 68, NULL, 214.8600000, NULL, NULL),
(172, 'Passenger Car - Petrol - Engine Size >2.0 liters', 68, NULL, 299.3700000, NULL, NULL),
(173, 'Passenger Car - Petrol - Engine Size Unknown', 68, NULL, 210.7100000, NULL, NULL),
(174, 'Passenger Car - Diesel - Engine Size <1.7 liter', 68, NULL, 145.1800000, NULL, NULL),
(175, 'Passenger Car - Diesel - Engine Size 1.7 - 2.0 liters', 68, NULL, 180.9700000, NULL, NULL),
(176, 'Passenger Car - Diesel - Engine Size >2.0 liters', 68, NULL, 245.4600000, NULL, NULL),
(177, 'Passenger Car - Diesel - Engine Size Unknown', 68, NULL, 194.9500000, NULL, NULL),
(178, 'Passenger Car - Hybrid - Engine Size 1.4 - 2.0 liters', 68, NULL, 119.1400000, NULL, NULL),
(179, 'Passenger Car - Hybrid - Engine Size >2.0 liters', 68, NULL, 217.2600000, NULL, NULL),
(180, 'Passenger Car - Hybrid - Engine Size Unknown', 68, NULL, 164.7000000, NULL, NULL),
(181, 'Passenger Car - LPG - Engine Size average', 68, NULL, 214.1900000, NULL, NULL),
(182, 'Passenger Car - LPG - Engine Size medium', 68, NULL, 193.3700000, NULL, NULL),
(183, 'Passenger Car - LPG - Engine Size large', 68, NULL, 269.4300000, NULL, NULL),
(184, 'Passenger Car - CNG - Engine Size 1.4 - 2.0 liters', 68, NULL, 193.3700000, NULL, NULL),
(185, 'Passenger Car - CNG - Engine Size >2.0 liters', 68, NULL, 269.4300000, NULL, NULL),
(186, 'Passenger Car - CNG - Engine Size Unknown', 68, NULL, 214.1900000, NULL, NULL),
(187, 'Light Goods Vehicle (e.g. Van) - Petrol - Engine Size =1.25 tonnes', 68, NULL, 194.0700000, NULL, NULL),
(188, 'Light Goods Vehicle (e.g. Van) - Diesel - Engine Size =3.5 tonnes', 68, NULL, 250.8000000, NULL, NULL),
(189, 'Light Goods Vehicle (e.g. Van) - LPG - Engine Size =3.5 tonnes', 68, NULL, 263.3400000, NULL, NULL),
(190, 'Light Goods Vehicle (e.g. Van) - CNG - Engine Size =3.5 tonnes', 68, NULL, 238.2600000, NULL, NULL),
(191, 'Light Goods Vehicle (e.g. Van) - Fuel Unknown', 68, NULL, 250.1600000, NULL, NULL),
(192, 'Motorbike - Engine Size =125 cc', 68, NULL, 84.9900000, NULL, NULL),
(193, 'Motorbike - Engine Size >125 and =500 cc', 68, NULL, 103.1600000, NULL, NULL),
(194, 'Motorbike - Engine Size >500 cc', 68, NULL, 137.2400000, NULL, NULL),
(195, 'Motorbike - Engine Size Unknown', 68, NULL, 116.0600000, NULL, NULL),
(196, 'HGV - Rigid - Engine Size 3.5 - 7.5 tonnes - 0% Weight Laden', 68, NULL, 527.6300000, NULL, NULL),
(197, 'HGV - Rigid - Engine Size 3.5 - 7.5 tonnes - 50% Weight Laden', 68, NULL, 573.5100000, NULL, NULL),
(198, 'HGV - Rigid - Engine Size 3.5 - 7.5 tonnes - 100% Weight Laden', 68, NULL, 619.3900000, NULL, NULL),
(199, 'HGV - Rigid - Engine Size 3.5 - 7.5 tonnes - Default 41% Weight Laden', 68, NULL, 565.2500000, NULL, NULL),
(200, 'HGV - Rigid - Engine Size 7.5 - 17 tonnes - 0% Weight Laden', 68, NULL, 671.2500000, NULL, NULL),
(201, 'HGV - Rigid - Engine Size 7.5 - 17 tonnes - 50% Weight Laden', 68, NULL, 767.1400000, NULL, NULL),
(202, 'HGV - Rigid - Engine Size 7.5 - 17 tonnes - 100% Weight Laden', 68, NULL, 863.0300000, NULL, NULL),
(203, 'HGV - Rigid - Engine Size 7.5 - 17 tonnes - Default 41% Weight Laden', 68, NULL, 749.8800000, NULL, NULL),
(204, 'HGV - Rigid - Engine Size >17 tonnes - 0% Weight Laden', 68, NULL, 798.1400000, NULL, NULL),
(205, 'HGV - Rigid - Engine Size >17 tonnes - 50% Weight Laden', 68, NULL, 973.3400000, NULL, NULL),
(206, 'HGV - Rigid - Engine Size >17 tonnes - 100% Weight Laden', 68, NULL, 1148.5400000, NULL, NULL),
(207, 'HGV - Rigid - Engine Size >17 tonnes - Default 53% Weight Laden', 68, NULL, 983.7900000, NULL, NULL),
(208, 'HGV - Rigid - Engine Size Unknown - % Weight Laden', 68, NULL, 829.0300000, NULL, NULL),
(209, 'HGV - Articulated - Engine Size 3.5 - 33 tonnes - 0% Weight Laden', 68, NULL, 692.1400000, NULL, NULL),
(210, 'HGV - Articulated - Engine Size 3.5 - 33 tonnes - 50% Weight Laden', 68, NULL, 865.1800000, NULL, NULL),
(211, 'HGV - Articulated - Engine Size 3.5 - 33 tonnes - 100% Weight Laden', 68, NULL, 1038.2200000, NULL, NULL),
(212, 'HGV - Articulated - Engine Size 3.5 - 33 tonnes - Default 45% Weight Laden', 68, NULL, 847.8800000, NULL, NULL),
(213, 'HGV - Articulated - Engine Size >33 tonnes - 0% Weight Laden', 68, NULL, 697.9300000, NULL, NULL),
(214, 'HGV - Articulated - Engine Size >33 tonnes - 50% Weight Laden', 68, NULL, 930.5700000, NULL, NULL),
(215, 'HGV - Articulated - Engine Size >33 tonnes - 100% Weight Laden', 68, NULL, 1163.2100000, NULL, NULL),
(216, 'HGV - Articulated - Engine Size >33 tonnes - Default 61% Weight Laden', 68, NULL, 981.7500000, NULL, NULL),
(217, 'HGV - Articulated - Engine Size Unknown', 68, NULL, 969.0000000, NULL, NULL),
(218, 'HGV - Type Unknown', 68, NULL, 895.2200000, NULL, NULL);

-- --------------------------------------------------------

--
-- Table structure for table `vehicle_types`
--

CREATE TABLE `vehicle_types` (
  `id` int(11) NOT NULL,
  `vehicle_type` varchar(100) DEFAULT NULL,
  `fuel_consumption_rate` varchar(20) DEFAULT NULL,
  `reference` text DEFAULT NULL
) ENGINE=InnoDB DEFAULT CHARSET=utf8mb4 COLLATE=utf8mb4_general_ci;

-- --------------------------------------------------------

--
-- Table structure for table `wp_emission`
--

CREATE TABLE `wp_emission` (
  `id` int(20) NOT NULL,
  `location_id` int(10) NOT NULL,
  `type` varchar(20) NOT NULL,
  `unit` varchar(30) NOT NULL,
  `value` text NOT NULL,
  `fuel_type` int(10) NOT NULL,
  `year` int(4) DEFAULT NULL
) ENGINE=InnoDB DEFAULT CHARSET=utf8mb4 COLLATE=utf8mb4_general_ci;

--
-- Dumping data for table `wp_emission`
--

INSERT INTO `wp_emission` (`id`, `location_id`, `type`, `unit`, `value`, `fuel_type`, `year`) VALUES
(1, 2, 'CO2', 'lb/KWh', '950480', 1, 2014),
(2, 3, 'CO2', 'lb/KWh', '682300', 1, 2014),
(3, 5, 'CO2', 'lb/KWh', '1103200', 1, 2014),
(4, 6, 'CO2', 'lb/KWh', '1088710', 1, 2014),
(5, 7, 'CO2', 'lb/KWh', '946340', 1, 2014),
(6, 8, 'CO2', 'lb/KWh', '1617150', 1, 2014),
(7, 10, 'CO2', 'lb/KWh', '1267480', 1, 2014),
(8, 11, 'CO2', 'lb/KWh', '1248450', 1, 2014),
(9, 13, 'CO2', 'lb/KWh', '1229120', 1, 2014),
(10, 14, 'CO2', 'lb/KWh', '578230', 1, 2014),
(11, 15, 'CO2', 'lb/KWh', '699400', 1, 2014),
(12, 16, 'CO2', 'lb/KWh', '377170', 1, 2014),
(13, 18, 'CO2', 'lb/KWh', '852900', 1, 2014),
(14, 19, 'CO2', 'lb/KWh', '1553920', 1, 2014),
(15, 20, 'CO2', 'lb/KWh', '1497060', 1, 2014),
(16, 22, 'CO2', 'lb/KWh', '1606780', 1, 2014),
(17, 23, 'CO2', 'lb/KWh', '1159990', 1, 2014),
(18, 24, 'CO2', 'lb/KWh', '1144530', 1, 2014),
(19, 25, 'CO2', 'lb/KWh', '1368070', 1, 2014),
(20, 26, 'CO2', 'lb/KWh', '862320', 1, 2014),
(21, 28, 'CO2', 'lb/KWh', '1458630', 1, 2014),
(22, 29, 'CO2', 'lb/KWh', '1586330', 1, 2014),
(23, 31, 'CO2', 'lb/KWh', '619890', 1, 2014),
(24, 32, 'CO2', 'lb/KWh', '915740', 1, 2014),
(25, 33, 'CO2', 'lb/KWh', '1773960', 1, 2014),
(26, 34, 'CO2', 'lb/KWh', '878540', 1, 2014),
(27, 2, 'CH4', 'lb/KWh', '49320000', 1, 2014),
(28, 3, 'CH4', 'lb/KWh', '36810000', 1, 2014),
(29, 5, 'CH4', 'lb/KWh', '66550000', 1, 2014),
(30, 6, 'CH4', 'lb/KWh', '88440000', 1, 2014),
(31, 7, 'CH4', 'lb/KWh', '100520000', 1, 2014),
(32, 8, 'CH4', 'lb/KWh', '175230000', 1, 2014),
(33, 10, 'CH4', 'lb/KWh', '150790000', 1, 2014),
(34, 11, 'CH4', 'lb/KWh', '148420000', 1, 2014),
(35, 13, 'CH4', 'lb/KWh', '133020000.00000001', 1, 2014),
(36, 14, 'CH4', 'lb/KWh', '98040000', 1, 2014),
(37, 15, 'CH4', 'lb/KWh', '25040000', 1, 2014),
(38, 16, 'CH4', 'lb/KWh', '32299999.999999996', 1, 2014),
(39, 18, 'CH4', 'lb/KWh', '75570000', 1, 2014),
(40, 19, 'CH4', 'lb/KWh', '171070000', 1, 2014),
(41, 20, 'CH4', 'lb/KWh', '161290000', 1, 2014),
(42, 22, 'CH4', 'lb/KWh', '187510000', 1, 2014),
(43, 23, 'CH4', 'lb/KWh', '90290000', 1, 2014),
(44, 24, 'CH4', 'lb/KWh', '105350000', 1, 2014),
(45, 25, 'CH4', 'lb/KWh', '142140000', 1, 2014),
(46, 26, 'CH4', 'lb/KWh', '99700000', 1, 2014),
(47, 28, 'CH4', 'lb/KWh', '160760000', 1, 2014),
(48, 29, 'CH4', 'lb/KWh', '150100000', 1, 2014),
(49, 31, 'CH4', 'lb/KWh', '36750000', 1, 2014),
(50, 32, 'CH4', 'lb/KWh', '98940000', 1, 2014),
(51, 33, 'CH4', 'lb/KWh', '185350000', 1, 2014),
(52, 34, 'CH4', 'lb/KWh', '66470000', 1, 2014),
(53, 2, 'N2O', 'lb/KWh', '7550000', 1, 2014),
(54, 3, 'N2O', 'lb/KWh', '6100000', 1, 2014),
(55, 5, 'N2O', 'lb/KWh', '9250000', 1, 2014),
(56, 6, 'N2O', 'lb/KWh', '12130000', 1, 2014),
(57, 7, 'N2O', 'lb/KWh', '15910000', 1, 2014),
(58, 8, 'N2O', 'lb/KWh', '26920000', 1, 2014),
(59, 10, 'N2O', 'lb/KWh', '22190000', 1, 2014),
(60, 11, 'N2O', 'lb/KWh', '21460000', 1, 2014),
(61, 13, 'N2O', 'lb/KWh', '17260000', 1, 2014),
(62, 14, 'N2O', 'lb/KWh', '13160000', 1, 2014),
(63, 15, 'N2O', 'lb/KWh', '3050000', 1, 2014),
(64, 16, 'N2O', 'lb/KWh', '4370000', 1, 2014),
(65, 18, 'N2O', 'lb/KWh', '11510000', 1, 2014),
(66, 19, 'N2O', 'lb/KWh', '24580000', 1, 2014),
(67, 20, 'N2O', 'lb/KWh', '23680000', 1, 2014),
(68, 22, 'N2O', 'lb/KWh', '27260000', 1, 2014),
(69, 23, 'N2O', 'lb/KWh', '12960000', 1, 2014),
(70, 24, 'N2O', 'lb/KWh', '15640000', 1, 2014),
(71, 25, 'N2O', 'lb/KWh', '20740000', 1, 2014),
(72, 26, 'N2O', 'lb/KWh', '14370000', 1, 2014),
(73, 28, 'N2O', 'lb/KWh', '23320000', 1, 2014),
(74, 29, 'N2O', 'lb/KWh', '21850000', 1, 2014),
(75, 31, 'N2O', 'lb/KWh', '4480000', 1, 2014),
(76, 32, 'N2O', 'lb/KWh', '14390000', 1, 2014),
(77, 33, 'N2O', 'lb/KWh', '26830000', 1, 2014),
(78, 34, 'N2O', 'lb/KWh', '9320000', 1, 2014),
(79, 2, 'CO2', 'lb/KWh', '1268730', 1, 2012),
(80, 3, 'CO2', 'lb/KWh', '481170', 1, 2012),
(81, 5, 'CO2', 'lb/KWh', '1143040', 1, 2012),
(82, 6, 'CO2', 'lb/KWh', '1125350', 1, 2012),
(83, 7, 'CO2', 'lb/KWh', '1200100', 1, 2012),
(84, 8, 'CO2', 'lb/KWh', '1576380', 1, 2012),
(85, 10, 'CO2', 'lb/KWh', '1522570', 1, 2012),
(86, 11, 'CO2', 'lb/KWh', '1425150', 1, 2012),
(87, 13, 'CO2', 'lb/KWh', '1201200', 1, 2012),
(88, 14, 'CO2', 'lb/KWh', '637900', 1, 2012),
(89, 15, 'CO2', 'lb/KWh', '696700', 1, 2012),
(90, 16, 'CO2', 'lb/KWh', '408800', 1, 2012),
(91, 18, 'CO2', 'lb/KWh', '858560', 1, 2012),
(92, 19, 'CO2', 'lb/KWh', '1569230', 1, 2012),
(93, 20, 'CO2', 'lb/KWh', '1379480', 1, 2012),
(94, 22, 'CO2', 'lb/KWh', '1710750', 1, 2012),
(95, 23, 'CO2', 'lb/KWh', '1052920', 1, 2012),
(96, 24, 'CO2', 'lb/KWh', '1149050', 1, 2012),
(97, 25, 'CO2', 'lb/KWh', '1337150', 1, 2012),
(98, 26, 'CO2', 'lb/KWh', '932870', 1, 2012),
(99, 28, 'CO2', 'lb/KWh', '1721650', 1, 2012),
(100, 29, 'CO2', 'lb/KWh', '1538630', 1, 2012),
(101, 31, 'CO2', 'lb/KWh', '650310', 1, 2012),
(102, 32, 'CO2', 'lb/KWh', '665750', 1, 2012),
(103, 33, 'CO2', 'lb/KWh', '1822650', 1, 2012),
(104, 34, 'CO2', 'lb/KWh', '1152890', 1, 2012),
(105, 2, 'CH4', 'lb/KWh', '26340000', 1, 2012),
(106, 3, 'CH4', 'lb/KWh', '18650000', 1, 2012),
(107, 5, 'CH4', 'lb/KWh', '16700000', 1, 2012),
(108, 6, 'CH4', 'lb/KWh', '40050000', 1, 2012),
(109, 7, 'CH4', 'lb/KWh', '68080000', 1, 2012),
(110, 8, 'CH4', 'lb/KWh', '90410000', 1, 2012),
(111, 10, 'CH4', 'lb/KWh', '24300000', 1, 2012),
(112, 11, 'CH4', 'lb/KWh', '27600000', 1, 2012),
(113, 13, 'CH4', 'lb/KWh', '78200000', 1, 2012),
(114, 14, 'CH4', 'lb/KWh', '72840000', 1, 2012),
(115, 15, 'CH4', 'lb/KWh', '25510000', 1, 2012),
(116, 16, 'CH4', 'lb/KWh', '15590000', 1, 2012),
(117, 18, 'CH4', 'lb/KWh', '26440000', 1, 2012),
(118, 19, 'CH4', 'lb/KWh', '30360000', 1, 2012),
(119, 20, 'CH4', 'lb/KWh', '17110000', 1, 2012),
(120, 22, 'CH4', 'lb/KWh', '19580000', 1, 2012),
(121, 23, 'CH4', 'lb/KWh', '20950000', 1, 2012),
(122, 24, 'CH4', 'lb/KWh', '22660000', 1, 2012),
(123, 25, 'CH4', 'lb/KWh', '17390000', 1, 2012),
(124, 26, 'CH4', 'lb/KWh', '23950000', 1, 2012),
(125, 28, 'CH4', 'lb/KWh', '20220000', 1, 2012),
(126, 29, 'CH4', 'lb/KWh', '23750000', 1, 2012),
(127, 31, 'CH4', 'lb/KWh', '31120000', 1, 2012),
(128, 32, 'CH4', 'lb/KWh', '12600000', 1, 2012),
(129, 33, 'CH4', 'lb/KWh', '21660000', 1, 2012),
(130, 34, 'CH4', 'lb/KWh', '18650000', 1, 2012),
(131, 2, 'N2O', 'lb/KWh', '7590000', 1, 2012),
(132, 3, 'N2O', 'lb/KWh', '3550000', 1, 2012),
(133, 5, 'N2O', 'lb/KWh', '12330000', 1, 2012),
(134, 6, 'N2O', 'lb/KWh', '11850000', 1, 2012),
(135, 7, 'N2O', 'lb/KWh', '12680000', 1, 2012),
(136, 8, 'N2O', 'lb/KWh', '21550000', 1, 2012),
(137, 10, 'N2O', 'lb/KWh', '25550000', 1, 2012),
(138, 11, 'N2O', 'lb/KWh', '24260000', 1, 2012),
(139, 13, 'N2O', 'lb/KWh', '9870000', 1, 2012),
(140, 14, 'N2O', 'lb/KWh', '10710000', 1, 2012),
(141, 15, 'N2O', 'lb/KWh', '2930000', 1, 2012),
(142, 16, 'N2O', 'lb/KWh', '3830000', 1, 2012),
(143, 18, 'N2O', 'lb/KWh', '11490000', 1, 2012),
(144, 19, 'N2O', 'lb/KWh', '24120000', 1, 2012),
(145, 20, 'N2O', 'lb/KWh', '21670000', 1, 2012),
(146, 22, 'N2O', 'lb/KWh', '27500000', 1, 2012),
(147, 23, 'N2O', 'lb/KWh', '10610000', 1, 2012),
(148, 24, 'N2O', 'lb/KWh', '15490000', 1, 2012),
(149, 25, 'N2O', 'lb/KWh', '20780000', 1, 2012),
(150, 26, 'N2O', 'lb/KWh', '14600000', 1, 2012),
(151, 28, 'N2O', 'lb/KWh', '27140000', 1, 2012),
(152, 29, 'N2O', 'lb/KWh', '19980000', 1, 2012),
(153, 31, 'N2O', 'lb/KWh', '5670000', 1, 2012),
(154, 32, 'N2O', 'lb/KWh', '10380000', 1, 2012),
(155, 33, 'N2O', 'lb/KWh', '28130000', 1, 2012),
(156, 34, 'N2O', 'lb/KWh', '15110000', 1, 2012),
(157, 2, 'CO2', 'lb/KWh', '1256870', 1, 2010),
(158, 3, 'CO2', 'lb/KWh', '448570', 1, 2010),
(159, 5, 'CO2', 'lb/KWh', '1218170', 1, 2010),
(160, 6, 'CO2', 'lb/KWh', '1196710', 1, 2010),
(161, 7, 'CO2', 'lb/KWh', '1330160', 1, 2010),
(162, 8, 'CO2', 'lb/KWh', '1621860', 1, 2010),
(163, 10, 'CO2', 'lb/KWh', '1610800', 1, 2010),
(164, 11, 'CO2', 'lb/KWh', '1536360', 1, 2010),
(165, 13, 'CO2', 'lb/KWh', '1336110', 1, 2010),
(166, 14, 'CO2', 'lb/KWh', '722070', 1, 2010),
(167, 15, 'CO2', 'lb/KWh', '622420', 1, 2010),
(168, 16, 'CO2', 'lb/KWh', '545790', 1, 2010),
(169, 18, 'CO2', 'lb/KWh', '1001720', 1, 2010),
(170, 19, 'CO2', 'lb/KWh', '1629380', 1, 2010),
(171, 20, 'CO2', 'lb/KWh', '1503470', 1, 2010),
(172, 22, 'CO2', 'lb/KWh', '1810830', 1, 2010),
(173, 23, 'CO2', 'lb/KWh', '1029819.9999999999', 1, 2010),
(174, 24, 'CO2', 'lb/KWh', '1354090', 1, 2010),
(175, 25, 'CO2', 'lb/KWh', '1389200', 1, 2010),
(176, 26, 'CO2', 'lb/KWh', '1073650', 1, 2010),
(177, 28, 'CO2', 'lb/KWh', '1799450', 1, 2010),
(178, 29, 'CO2', 'lb/KWh', '1580600', 1, 2010),
(179, 31, 'CO2', 'lb/KWh', '610820', 1, 2010),
(180, 32, 'CO2', 'lb/KWh', '842580', 1, 2010),
(181, 33, 'CO2', 'lb/KWh', '1896740', 1, 2010),
(182, 34, 'CO2', 'lb/KWh', '1177610', 1, 2010),
(183, 2, 'CH4', 'lb/KWh', '26080000', 1, 2010),
(184, 3, 'CH4', 'lb/KWh', '18740000', 1, 2010),
(185, 5, 'CH4', 'lb/KWh', '16850000', 1, 2010),
(186, 6, 'CH4', 'lb/KWh', '38910000', 1, 2010),
(187, 7, 'CH4', 'lb/KWh', '73980000', 1, 2010),
(188, 8, 'CH4', 'lb/KWh', '99300000', 1, 2010),
(189, 10, 'CH4', 'lb/KWh', '24290000', 1, 2010),
(190, 11, 'CH4', 'lb/KWh', '28530000', 1, 2010),
(191, 13, 'CH4', 'lb/KWh', '81490000', 1, 2010),
(192, 14, 'CH4', 'lb/KWh', '71760000', 1, 2010),
(193, 15, 'CH4', 'lb/KWh', '23810000', 1, 2010),
(194, 16, 'CH4', 'lb/KWh', '16300000', 1, 2010),
(195, 18, 'CH4', 'lb/KWh', '27070000', 1, 2010),
(196, 19, 'CH4', 'lb/KWh', '30460000', 1, 2010),
(197, 20, 'CH4', 'lb/KWh', '18200000', 1, 2010),
(198, 22, 'CH4', 'lb/KWh', '20480000', 1, 2010),
(199, 23, 'CH4', 'lb/KWh', '20660000', 1, 2010),
(200, 24, 'CH4', 'lb/KWh', '22820000', 1, 2010),
(201, 25, 'CH4', 'lb/KWh', '17700000', 1, 2010),
(202, 26, 'CH4', 'lb/KWh', '21690000', 1, 2010),
(203, 28, 'CH4', 'lb/KWh', '20810000', 1, 2010),
(204, 29, 'CH4', 'lb/KWh', '23200000', 1, 2010),
(205, 31, 'CH4', 'lb/KWh', '28490000', 1, 2010),
(206, 32, 'CH4', 'lb/KWh', '16050000', 1, 2010),
(207, 33, 'CH4', 'lb/KWh', '22660000', 1, 2010),
(208, 34, 'CH4', 'lb/KWh', '19210000', 1, 2010),
(209, 2, 'N2O', 'lb/KWh', '7180000', 1, 2010),
(210, 3, 'N2O', 'lb/KWh', '3680000', 1, 2010),
(211, 5, 'N2O', 'lb/KWh', '14070000', 1, 2010),
(212, 6, 'N2O', 'lb/KWh', '13750000', 1, 2010),
(213, 7, 'N2O', 'lb/KWh', '13880000', 1, 2010),
(214, 8, 'N2O', 'lb/KWh', '22410000', 1, 2010),
(215, 10, 'N2O', 'lb/KWh', '27520000', 1, 2010),
(216, 11, 'N2O', 'lb/KWh', '26290000', 1, 2010),
(217, 13, 'N2O', 'lb/KWh', '10280000', 1, 2010),
(218, 14, 'N2O', 'lb/KWh', '12980000', 1, 2010),
(219, 15, 'N2O', 'lb/KWh', '2800000', 1, 2010),
(220, 16, 'N2O', 'lb/KWh', '7240000', 1, 2010),
(221, 18, 'N2O', 'lb/KWh', '15330000', 1, 2010),
(222, 19, 'N2O', 'lb/KWh', '26840000', 1, 2010),
(223, 20, 'N2O', 'lb/KWh', '24750000', 1, 2010),
(224, 22, 'N2O', 'lb/KWh', '29570000', 1, 2010),
(225, 23, 'N2O', 'lb/KWh', '10760000', 1, 2010),
(226, 24, 'N2O', 'lb/KWh', '20890000', 1, 2010),
(227, 25, 'N2O', 'lb/KWh', '22410000', 1, 2010),
(228, 26, 'N2O', 'lb/KWh', '17640000', 1, 2010),
(229, 28, 'N2O', 'lb/KWh', '28620000', 1, 2010),
(230, 29, 'N2O', 'lb/KWh', '20850000', 1, 2010),
(231, 31, 'N2O', 'lb/KWh', '6030000', 1, 2010),
(232, 32, 'N2O', 'lb/KWh', '13070000', 1, 2010),
(233, 33, 'N2O', 'lb/KWh', '29210000', 1, 2010),
(234, 34, 'N2O', 'lb/KWh', '15720000', 1, 2010),
(235, 2, 'CO2', 'lb/KWh', '1280860', 1, 2009),
(236, 3, 'CO2', 'lb/KWh', '521260', 1, 2009),
(237, 5, 'CO2', 'lb/KWh', '1181730', 1, 2009),
(238, 6, 'CO2', 'lb/KWh', '1176610', 1, 2009),
(239, 7, 'CO2', 'lb/KWh', '1351660', 1, 2009),
(240, 8, 'CO2', 'lb/KWh', '1593350', 1, 2009),
(241, 10, 'CO2', 'lb/KWh', '1591650', 1, 2009),
(242, 11, 'CO2', 'lb/KWh', '1628600', 1, 2009),
(243, 13, 'CO2', 'lb/KWh', '1347990', 1, 2009),
(244, 14, 'CO2', 'lb/KWh', '728410', 1, 2009),
(245, 15, 'CO2', 'lb/KWh', '610670', 1, 2009),
(246, 16, 'CO2', 'lb/KWh', '497920', 1, 2009),
(247, 18, 'CO2', 'lb/KWh', '947420', 1, 2009),
(248, 19, 'CO2', 'lb/KWh', '1659460', 1, 2009),
(249, 20, 'CO2', 'lb/KWh', '1520590', 1, 2009),
(250, 22, 'CO2', 'lb/KWh', '1749750', 1, 2009),
(251, 23, 'CO2', 'lb/KWh', '1002410', 1, 2009),
(252, 24, 'CO2', 'lb/KWh', '1325680', 1, 2009),
(253, 25, 'CO2', 'lb/KWh', '1357710', 1, 2009),
(254, 26, 'CO2', 'lb/KWh', '1035869.9999999999', 1, 2009),
(255, 28, 'CO2', 'lb/KWh', '1815760', 1, 2009),
(256, 29, 'CO2', 'lb/KWh', '1599020', 1, 2009),
(257, 31, 'CO2', 'lb/KWh', '658680', 1, 2009),
(258, 32, 'CO2', 'lb/KWh', '819210', 1, 2009),
(259, 33, 'CO2', 'lb/KWh', '1824510', 1, 2009),
(260, 34, 'CO2', 'lb/KWh', '1191350', 1, 2009),
(261, 2, 'CH4', 'lb/KWh', '27740000', 1, 2009),
(262, 3, 'CH4', 'lb/KWh', '21780000', 1, 2009),
(263, 5, 'CH4', 'lb/KWh', '16700000', 1, 2009),
(264, 6, 'CH4', 'lb/KWh', '39240000', 1, 2009),
(265, 7, 'CH4', 'lb/KWh', '72400000', 1, 2009),
(266, 8, 'CH4', 'lb/KWh', '101740000', 1, 2009),
(267, 10, 'CH4', 'lb/KWh', '23980000', 1, 2009),
(268, 11, 'CH4', 'lb/KWh', '28800000', 1, 2009),
(269, 13, 'CH4', 'lb/KWh', '96860000', 1, 2009),
(270, 14, 'CH4', 'lb/KWh', '75680000', 1, 2009),
(271, 15, 'CH4', 'lb/KWh', '23750000', 1, 2009),
(272, 16, 'CH4', 'lb/KWh', '15940000', 1, 2009),
(273, 18, 'CH4', 'lb/KWh', '26840000', 1, 2009),
(274, 19, 'CH4', 'lb/KWh', '31410000', 1, 2009),
(275, 20, 'CH4', 'lb/KWh', '18120000', 1, 2009),
(276, 22, 'CH4', 'lb/KWh', '19570000', 1, 2009),
(277, 23, 'CH4', 'lb/KWh', '19450000', 1, 2009),
(278, 24, 'CH4', 'lb/KWh', '22270000', 1, 2009),
(279, 25, 'CH4', 'lb/KWh', '17280000', 1, 2009),
(280, 26, 'CH4', 'lb/KWh', '21510000', 1, 2009),
(281, 28, 'CH4', 'lb/KWh', '21010000', 1, 2009),
(282, 29, 'CH4', 'lb/KWh', '23250000', 1, 2009),
(283, 31, 'CH4', 'lb/KWh', '28940000', 1, 2009),
(284, 32, 'CH4', 'lb/KWh', '15290000', 1, 2009),
(285, 33, 'CH4', 'lb/KWh', '22250000', 1, 2009),
(286, 34, 'CH4', 'lb/KWh', '19130000', 1, 2009),
(287, 2, 'N2O', 'lb/KWh', '7690000', 1, 2009),
(288, 3, 'N2O', 'lb/KWh', '4280000', 1, 2009),
(289, 5, 'N2O', 'lb/KWh', '13100000', 1, 2009),
(290, 6, 'N2O', 'lb/KWh', '13530000', 1, 2009),
(291, 7, 'N2O', 'lb/KWh', '13800000', 1, 2009),
(292, 8, 'N2O', 'lb/KWh', '21980000', 1, 2009),
(293, 10, 'N2O', 'lb/KWh', '27040000', 1, 2009),
(294, 11, 'N2O', 'lb/KWh', '27790000', 1, 2009),
(295, 13, 'N2O', 'lb/KWh', '12370000', 1, 2009),
(296, 14, 'N2O', 'lb/KWh', '13860000', 1, 2009),
(297, 15, 'N2O', 'lb/KWh', '2810000', 1, 2009),
(298, 16, 'N2O', 'lb/KWh', '6770000', 1, 2009),
(299, 18, 'N2O', 'lb/KWh', '14960000', 1, 2009),
(300, 19, 'N2O', 'lb/KWh', '27890000', 1, 2009),
(301, 20, 'N2O', 'lb/KWh', '25130000', 1, 2009),
(302, 22, 'N2O', 'lb/KWh', '28980000', 1, 2009),
(303, 23, 'N2O', 'lb/KWh', '10650000', 1, 2009),
(304, 24, 'N2O', 'lb/KWh', '20780000', 1, 2009),
(305, 25, 'N2O', 'lb/KWh', '22090000', 1, 2009),
(306, 26, 'N2O', 'lb/KWh', '17450000', 1, 2009),
(307, 28, 'N2O', 'lb/KWh', '28890000', 1, 2009),
(308, 29, 'N2O', 'lb/KWh', '21790000', 1, 2009),
(309, 31, 'N2O', 'lb/KWh', '6170000', 1, 2009),
(310, 32, 'N2O', 'lb/KWh', '12500000', 1, 2009),
(311, 33, 'N2O', 'lb/KWh', '27190000', 1, 2009),
(312, 34, 'N2O', 'lb/KWh', '15580000', 1, 2009),
(313, 2, 'CO2', 'lb/KWh', '1284720', 1, 2007),
(314, 3, 'CO2', 'lb/KWh', '535730', 1, 2007),
(315, 5, 'CO2', 'lb/KWh', '1252570', 1, 2007),
(316, 6, 'CO2', 'lb/KWh', '1220110', 1, 2007),
(317, 7, 'CO2', 'lb/KWh', '1343820', 1, 2007),
(318, 8, 'CO2', 'lb/KWh', '1620760', 1, 2007),
(319, 10, 'CO2', 'lb/KWh', '1692320', 1, 2007),
(320, 11, 'CO2', 'lb/KWh', '1722670', 1, 2007),
(321, 13, 'CO2', 'lb/KWh', '1418740', 1, 2007),
(322, 14, 'CO2', 'lb/KWh', '827950', 1, 2007),
(323, 15, 'CO2', 'lb/KWh', '704800', 1, 2007),
(324, 16, 'CO2', 'lb/KWh', '683270', 1, 2007),
(325, 18, 'CO2', 'lb/KWh', '1059320', 1, 2007),
(326, 19, 'CO2', 'lb/KWh', '1651110', 1, 2007),
(327, 20, 'CO2', 'lb/KWh', '1551520', 1, 2007),
(328, 22, 'CO2', 'lb/KWh', '1779270', 1, 2007),
(329, 23, 'CO2', 'lb/KWh', '1004100', 1, 2007),
(330, 24, 'CO2', 'lb/KWh', '1495470', 1, 2007),
(331, 25, 'CO2', 'lb/KWh', '1540850', 1, 2007),
(332, 26, 'CO2', 'lb/KWh', '1118410', 1, 2007),
(333, 28, 'CO2', 'lb/KWh', '1798710', 1, 2007),
(334, 29, 'CO2', 'lb/KWh', '1624030', 1, 2007),
(335, 31, 'CO2', 'lb/KWh', '681010', 1, 2007),
(336, 32, 'CO2', 'lb/KWh', '858790', 1, 2007),
(337, 33, 'CO2', 'lb/KWh', '1906060', 1, 2007),
(338, 34, 'CO2', 'lb/KWh', '1252610', 1, 2007),
(339, 2, 'CH4', 'lb/KWh', '27110000', 1, 2007),
(340, 3, 'CH4', 'lb/KWh', '22650000', 1, 2007),
(341, 5, 'CH4', 'lb/KWh', '17760000', 1, 2007),
(342, 6, 'CH4', 'lb/KWh', '41190000', 1, 2007),
(343, 7, 'CH4', 'lb/KWh', '135150000', 1, 2007),
(344, 8, 'CH4', 'lb/KWh', '91050000', 1, 2007),
(345, 10, 'CH4', 'lb/KWh', '28790000', 1, 2007),
(346, 11, 'CH4', 'lb/KWh', '28970000', 1, 2007),
(347, 13, 'CH4', 'lb/KWh', '90500000', 1, 2007),
(348, 14, 'CH4', 'lb/KWh', '76980000', 1, 2007),
(349, 15, 'CH4', 'lb/KWh', '26220000', 1, 2007),
(350, 16, 'CH4', 'lb/KWh', '17410000', 1, 2007),
(351, 18, 'CH4', 'lb/KWh', '27400000', 1, 2007),
(352, 19, 'CH4', 'lb/KWh', '32549999.999999996', 1, 2007),
(353, 20, 'CH4', 'lb/KWh', '18370000', 1, 2007),
(354, 22, 'CH4', 'lb/KWh', '20570000', 1, 2007),
(355, 23, 'CH4', 'lb/KWh', '21800000', 1, 2007),
(356, 24, 'CH4', 'lb/KWh', '23640000', 1, 2007),
(357, 25, 'CH4', 'lb/KWh', '19870000', 1, 2007),
(358, 26, 'CH4', 'lb/KWh', '22260000', 1, 2007),
(359, 28, 'CH4', 'lb/KWh', '21220000', 1, 2007),
(360, 29, 'CH4', 'lb/KWh', '24520000', 1, 2007),
(361, 31, 'CH4', 'lb/KWh', '28290000', 1, 2007),
(362, 32, 'CH4', 'lb/KWh', '16340000', 1, 2007),
(363, 33, 'CH4', 'lb/KWh', '23630000', 1, 2007),
(364, 34, 'CH4', 'lb/KWh', '18800000', 1, 2007),
(365, 2, 'N2O', 'lb/KWh', '7440000', 1, 2007),
(366, 3, 'N2O', 'lb/KWh', '4480000', 1, 2007),
(367, 5, 'N2O', 'lb/KWh', '13990000', 1, 2007),
(368, 6, 'N2O', 'lb/KWh', '15250000', 1, 2007),
(369, 7, 'N2O', 'lb/KWh', '21710000', 1, 2007),
(370, 8, 'N2O', 'lb/KWh', '20890000', 1, 2007),
(371, 10, 'N2O', 'lb/KWh', '29050000', 1, 2007),
(372, 11, 'N2O', 'lb/KWh', '29190000', 1, 2007),
(373, 13, 'N2O', 'lb/KWh', '13100000', 1, 2007),
(374, 14, 'N2O', 'lb/KWh', '15200000', 1, 2007),
(375, 15, 'N2O', 'lb/KWh', '3350000', 1, 2007),
(376, 16, 'N2O', 'lb/KWh', '9900000', 1, 2007),
(377, 18, 'N2O', 'lb/KWh', '17030000', 1, 2007),
(378, 19, 'N2O', 'lb/KWh', '27790000', 1, 2007),
(379, 20, 'N2O', 'lb/KWh', '25930000', 1, 2007),
(380, 22, 'N2O', 'lb/KWh', '29600000', 1, 2007),
(381, 23, 'N2O', 'lb/KWh', '11150000', 1, 2007),
(382, 24, 'N2O', 'lb/KWh', '24570000', 1, 2007),
(383, 25, 'N2O', 'lb/KWh', '25480000', 1, 2007),
(384, 26, 'N2O', 'lb/KWh', '19080000', 1, 2007),
(385, 28, 'N2O', 'lb/KWh', '29200000', 1, 2007),
(386, 29, 'N2O', 'lb/KWh', '22420000', 1, 2007),
(387, 31, 'N2O', 'lb/KWh', '6230000', 1, 2007),
(388, 32, 'N2O', 'lb/KWh', '13640000', 1, 2007),
(389, 33, 'N2O', 'lb/KWh', '28890000', 1, 2007),
(390, 34, 'N2O', 'lb/KWh', '16570000', 1, 2007),
(391, 2, 'CO2', 'lb/KWh', '1232360', 1, 2005),
(392, 3, 'CO2', 'lb/KWh', '498860', 1, 2005),
(393, 4, 'CO2', 'lb/KWh', '1089794', 1, 2005),
(394, 5, 'CO2', 'lb/KWh', '1324350', 1, 2005),
(395, 6, 'CO2', 'lb/KWh', '1318570', 1, 2005),
(396, 7, 'CO2', 'lb/KWh', '1514920', 1, 2005),
(397, 8, 'CO2', 'lb/KWh', '1811980', 1, 2005),
(398, 9, 'CO2', 'lb/KWh', '1731013.9', 1, 2005),
(399, 10, 'CO2', 'lb/KWh', '1834720', 1, 2005),
(400, 11, 'CO2', 'lb/KWh', '1821840', 1, 2005),
(401, 12, 'CO2', 'lb/KWh', '1823689.2', 1, 2005),
(402, 13, 'CO2', 'lb/KWh', '1536800', 1, 2005),
(403, 14, 'CO2', 'lb/KWh', '927680', 1, 2005),
(404, 15, 'CO2', 'lb/KWh', '815450', 1, 2005),
(405, 16, 'CO2', 'lb/KWh', '720800', 1, 2005),
(406, 17, 'CO2', 'lb/KWh', '875740.4', 1, 2005),
(407, 18, 'CO2', 'lb/KWh', '1139070', 1, 2005),
(408, 19, 'CO2', 'lb/KWh', '1563280', 1, 2005),
(409, 20, 'CO2', 'lb/KWh', '1537820', 1, 2005),
(410, 21, 'CO2', 'lb/KWh', '1427209.9000000001', 1, 2005),
(411, 22, 'CO2', 'lb/KWh', '1830510', 1, 2005),
(412, 23, 'CO2', 'lb/KWh', '1019740', 1, 2005),
(413, 24, 'CO2', 'lb/KWh', '1489540', 1, 2005),
(414, 25, 'CO2', 'lb/KWh', '1510440', 1, 2005),
(415, 26, 'CO2', 'lb/KWh', '1134880', 1, 2005),
(416, 27, 'CO2', 'lb/KWh', '1368854.4', 1, 2005),
(417, 28, 'CO2', 'lb/KWh', '1960940', 1, 2005),
(418, 29, 'CO2', 'lb/KWh', '1658140', 1, 2005),
(419, 30, 'CO2', 'lb/KWh', '1751372.1', 1, 2005),
(420, 31, 'CO2', 'lb/KWh', '724120', 1, 2005),
(421, 32, 'CO2', 'lb/KWh', '902240', 1, 2005),
(422, 33, 'CO2', 'lb/KWh', '1883080', 1, 2005),
(423, 34, 'CO2', 'lb/KWh', '1311050', 1, 2005),
(424, 35, 'CO2', 'lb/KWh', '1033123.9', 1, 2005),
(425, 2, 'CH4', 'lb/KWh', '25600000', 1, 2005),
(426, 3, 'CH4', 'lb/KWh', '20750000', 1, 2005),
(427, 4, 'CH4', 'lb/KWh', '24658000', 1, 2005),
(428, 5, 'CH4', 'lb/KWh', '18650000', 1, 2005),
(429, 6, 'CH4', 'lb/KWh', '45920000', 1, 2005),
(430, 7, 'CH4', 'lb/KWh', '314680000', 1, 2005),
(431, 8, 'CH4', 'lb/KWh', '109470000', 1, 2005),
(432, 9, 'CH4', 'lb/KWh', '165400600', 1, 2005),
(433, 10, 'CH4', 'lb/KWh', '27590000', 1, 2005),
(434, 11, 'CH4', 'lb/KWh', '28000000', 1, 2005),
(435, 12, 'CH4', 'lb/KWh', '27941300', 1, 2005),
(436, 13, 'CH4', 'lb/KWh', '115410000', 1, 2005),
(437, 14, 'CH4', 'lb/KWh', '86490000', 1, 2005),
(438, 15, 'CH4', 'lb/KWh', '36020000', 1, 2005),
(439, 16, 'CH4', 'lb/KWh', '24820000', 1, 2005),
(440, 17, 'CH4', 'lb/KWh', '60558900', 1, 2005),
(441, 18, 'CH4', 'lb/KWh', '30270000', 1, 2005),
(442, 19, 'CH4', 'lb/KWh', '33930000', 1, 2005),
(443, 20, 'CH4', 'lb/KWh', '18230000', 1, 2005),
(444, 21, 'CH4', 'lb/KWh', '23193400', 1, 2005),
(445, 22, 'CH4', 'lb/KWh', '21150000', 1, 2005),
(446, 23, 'CH4', 'lb/KWh', '24310000', 1, 2005),
(447, 24, 'CH4', 'lb/KWh', '26270000', 1, 2005),
(448, 25, 'CH4', 'lb/KWh', '20050000', 1, 2005),
(449, 26, 'CH4', 'lb/KWh', '23770000', 1, 2005),
(450, 27, 'CH4', 'lb/KWh', '23318600', 1, 2005),
(451, 28, 'CH4', 'lb/KWh', '23820000', 1, 2005),
(452, 29, 'CH4', 'lb/KWh', '24980000', 1, 2005),
(453, 30, 'CH4', 'lb/KWh', '24620900', 1, 2005),
(454, 31, 'CH4', 'lb/KWh', '30240000', 1, 2005),
(455, 32, 'CH4', 'lb/KWh', '19130000', 1, 2005),
(456, 33, 'CH4', 'lb/KWh', '22880000', 1, 2005),
(457, 34, 'CH4', 'lb/KWh', '17450000', 1, 2005),
(458, 35, 'CH4', 'lb/KWh', '22617800', 1, 2005),
(459, 2, 'N2O', 'lb/KWh', '6510000', 1, 2005),
(460, 3, 'N2O', 'lb/KWh', '4080000', 1, 2005),
(461, 4, 'N2O', 'lb/KWh', '6035000', 1, 2005),
(462, 5, 'N2O', 'lb/KWh', '15110000', 1, 2005),
(463, 6, 'N2O', 'lb/KWh', '16940000', 1, 2005),
(464, 7, 'N2O', 'lb/KWh', '46880000', 1, 2005),
(465, 8, 'N2O', 'lb/KWh', '23620000', 1, 2005),
(466, 9, 'N2O', 'lb/KWh', '29958300', 1, 2005),
(467, 10, 'N2O', 'lb/KWh', '30360000', 1, 2005),
(468, 11, 'N2O', 'lb/KWh', '30710000', 1, 2005),
(469, 12, 'N2O', 'lb/KWh', '30656400', 1, 2005),
(470, 13, 'N2O', 'lb/KWh', '18090000', 1, 2005),
(471, 14, 'N2O', 'lb/KWh', '17010000', 1, 2005),
(472, 15, 'N2O', 'lb/KWh', '5460000', 1, 2005),
(473, 16, 'N2O', 'lb/KWh', '11190000', 1, 2005),
(474, 17, 'N2O', 'lb/KWh', '13549700', 1, 2005),
(475, 18, 'N2O', 'lb/KWh', '18710000', 1, 2005),
(476, 19, 'N2O', 'lb/KWh', '27170000', 1, 2005),
(477, 20, 'N2O', 'lb/KWh', '25710000', 1, 2005),
(478, 21, 'N2O', 'lb/KWh', '23868400', 1, 2005),
(479, 22, 'N2O', 'lb/KWh', '30500000', 1, 2005),
(480, 23, 'N2O', 'lb/KWh', '11710000', 1, 2005),
(481, 24, 'N2O', 'lb/KWh', '25470000', 1, 2005),
(482, 25, 'N2O', 'lb/KWh', '25640000', 1, 2005),
(483, 26, 'N2O', 'lb/KWh', '19790000', 1, 2005),
(484, 27, 'N2O', 'lb/KWh', '22541800', 1, 2005),
(485, 28, 'N2O', 'lb/KWh', '32090000.000000004', 1, 2005),
(486, 29, 'N2O', 'lb/KWh', '22610000', 1, 2005),
(487, 30, 'N2O', 'lb/KWh', '25524100', 1, 2005),
(488, 31, 'N2O', 'lb/KWh', '8080000', 1, 2005),
(489, 32, 'N2O', 'lb/KWh', '14900000', 1, 2005),
(490, 33, 'N2O', 'lb/KWh', '28750000', 1, 2005),
(491, 34, 'N2O', 'lb/KWh', '17940000', 1, 2005),
(492, 35, 'N2O', 'lb/KWh', '14768600', 1, 2005),
(493, 37, 'CO2', 'ton CO2/10MWh', '11.113', 1, 2006),
(494, 38, 'CO2', 'ton CO2/10MWh', '11.113', 1, 2006),
(495, 39, 'CO2', 'ton CO2/10MWh', '11.113', 1, 2006),
(496, 40, 'CO2', 'ton CO2/10MWh', '11.113', 1, 2006),
(497, 41, 'CO2', 'ton CO2/10MWh', '11.113', 1, 2006),
(498, 42, 'CO2', 'ton CO2/10MWh', '12.082', 1, 2006),
(499, 43, 'CO2', 'ton CO2/10MWh', '12.082', 1, 2006),
(500, 44, 'CO2', 'ton CO2/10MWh', '12.082', 1, 2006),
(501, 45, 'CO2', 'ton CO2/10MWh', '8.689', 1, 2006),
(502, 46, 'CO2', 'ton CO2/10MWh', '8.689', 1, 2006),
(503, 47, 'CO2', 'ton CO2/10MWh', '8.689', 1, 2006),
(504, 48, 'CO2', 'ton CO2/10MWh', '8.689', 1, 2006),
(505, 49, 'CO2', 'ton CO2/10MWh', '8.689', 1, 2006),
(506, 50, 'CO2', 'ton CO2/10MWh', '7.846', 1, 2006),
(507, 51, 'CO2', 'ton CO2/10MWh', '11.113', 1, 2006),
(508, 52, 'CO2', 'ton CO2/10MWh', '7.846', 1, 2006),
(509, 53, 'CO2', 'ton CO2/10MWh', '7.846', 1, 2006),
(510, 54, 'CO2', 'ton CO2/10MWh', '7.846', 1, 2006),
(511, 55, 'CO2', 'ton CO2/10MWh', '7.565', 1, 2006),
(512, 56, 'CO2', 'ton CO2/10MWh', '7.565', 1, 2006),
(513, 57, 'CO2', 'ton CO2/10MWh', '7.815', 1, 2006),
(514, 58, 'CO2', 'ton CO2/10MWh', '7.846', 1, 2006),
(515, 59, 'CO2', 'ton CO2/10MWh', '7.846', 1, 2006),
(516, 60, 'CO2', 'ton CO2/10MWh', '7.565', 1, 2006),
(517, 61, 'CO2', 'ton CO2/10MWh', '7.565', 1, 2006),
(518, 62, 'CO2', 'ton CO2/10MWh', '8.464', 1, 2006),
(519, 63, 'CO2', 'ton CO2/10MWh', '8.464', 1, 2006),
(520, 64, 'CO2', 'ton CO2/10MWh', '8.464', 1, 2006),
(521, 65, 'CO2', 'ton CO2/10MWh', '8.464', 1, 2006),
(522, 66, 'CO2', 'ton CO2/10MWh', '8.464', 1, 2006),
(523, 37, 'CH4', 'g CH4/10MWh', '118.887', 1, 2006),
(524, 38, 'CH4', 'g CH4/10MWh', '118.887', 1, 2006),
(525, 39, 'CH4', 'g CH4/10MWh', '118.887', 1, 2006),
(526, 40, 'CH4', 'g CH4/10MWh', '118.887', 1, 2006),
(527, 41, 'CH4', 'g CH4/10MWh', '118.887', 1, 2006),
(528, 42, 'CH4', 'g CH4/10MWh', '130.127', 1, 2006),
(529, 43, 'CH4', 'g CH4/10MWh', '130.127', 1, 2006),
(530, 44, 'CH4', 'g CH4/10MWh', '130.127', 1, 2006),
(531, 45, 'CH4', 'g CH4/10MWh', '96.532', 1, 2006),
(532, 46, 'CH4', 'g CH4/10MWh', '96.532', 1, 2006),
(533, 47, 'CH4', 'g CH4/10MWh', '96.532', 1, 2006),
(534, 48, 'CH4', 'g CH4/10MWh', '96.532', 1, 2006),
(535, 49, 'CH4', 'g CH4/10MWh', '96.532', 1, 2006),
(536, 50, 'CH4', 'g CH4/10MWh', '83.147', 1, 2006),
(537, 51, 'CH4', 'g CH4/10MWh', '118.887', 1, 2006),
(538, 52, 'CH4', 'g CH4/10MWh', '83.147', 1, 2006),
(539, 53, 'CH4', 'g CH4/10MWh', '83.147', 1, 2006),
(540, 54, 'CH4', 'g CH4/10MWh', '83.147', 1, 2006),
(541, 55, 'CH4', 'g CH4/10MWh', '93.703', 1, 2006),
(542, 56, 'CH4', 'g CH4/10MWh', '93.703', 1, 2006),
(543, 57, 'CH4', 'g CH4/10MWh', '97.406', 1, 2006),
(544, 58, 'CH4', 'g CH4/10MWh', '83.147', 1, 2006),
(545, 59, 'CH4', 'g CH4/10MWh', '83.147', 1, 2006),
(546, 60, 'CH4', 'g CH4/10MWh', '93.703', 1, 2006),
(547, 61, 'CH4', 'g CH4/10MWh', '93.703', 1, 2006),
(548, 62, 'CH4', 'g CH4/10MWh', '89.166', 1, 2006),
(549, 63, 'CH4', 'g CH4/10MWh', '89.166', 1, 2006),
(550, 64, 'CH4', 'g CH4/10MWh', '89.166', 1, 2006),
(551, 65, 'CH4', 'g CH4/10MWh', '89.166', 1, 2006),
(552, 66, 'CH4', 'g CH4/10MWh', '89.166', 1, 2006),
(553, 37, 'N2O', 'g N2O/10MWh', '170.146', 1, 2006),
(554, 38, 'N2O', 'g N2O/10MWh', '170.146', 1, 2006),
(555, 39, 'N2O', 'g N2O/10MWh', '170.146', 1, 2006),
(556, 40, 'N2O', 'g N2O/10MWh', '170.146', 1, 2006),
(557, 41, 'N2O', 'g N2O/10MWh', '170.146', 1, 2006),
(558, 42, 'N2O', 'g N2O/10MWh', '184.177', 1, 2006),
(559, 43, 'N2O', 'g N2O/10MWh', '184.177', 1, 2006),
(560, 44, 'N2O', 'g N2O/10MWh', '184.177', 1, 2006),
(561, 45, 'N2O', 'g N2O/10MWh', '130.077', 1, 2006),
(562, 46, 'N2O', 'g N2O/10MWh', '130.077', 1, 2006),
(563, 47, 'N2O', 'g N2O/10MWh', '130.077', 1, 2006),
(564, 48, 'N2O', 'g N2O/10MWh', '130.077', 1, 2006),
(565, 49, 'N2O', 'g N2O/10MWh', '130.077', 1, 2006),
(566, 50, 'N2O', 'g N2O/10MWh', '120.622', 1, 2006),
(567, 51, 'N2O', 'g N2O/10MWh', '170.146', 1, 2006),
(568, 52, 'N2O', 'g N2O/10MWh', '120.622', 1, 2006),
(569, 53, 'N2O', 'g N2O/10MWh', '120.622', 1, 2006),
(570, 54, 'N2O', 'g N2O/10MWh', '120.622', 1, 2006),
(571, 55, 'N2O', 'g N2O/10MWh', '113.073', 1, 2006),
(572, 56, 'N2O', 'g N2O/10MWh', '113.073', 1, 2006),
(573, 57, 'N2O', 'g N2O/10MWh', '95.467', 1, 2006),
(574, 58, 'N2O', 'g N2O/10MWh', '120.622', 1, 2006),
(575, 59, 'N2O', 'g N2O/10MWh', '120.622', 1, 2006),
(576, 60, 'N2O', 'g N2O/10MWh', '113.073', 1, 2006),
(577, 61, 'N2O', 'g N2O/10MWh', '113.073', 1, 2006),
(578, 62, 'N2O', 'g N2O/10MWh', '130.478', 1, 2006),
(579, 63, 'N2O', 'g N2O/10MWh', '130.478', 1, 2006),
(580, 64, 'N2O', 'g N2O/10MWh', '130.478', 1, 2006),
(581, 65, 'N2O', 'g N2O/10MWh', '130.478', 1, 2006),
(582, 66, 'N2O', 'g N2O/10MWh', '130.478', 1, 2006),
(583, 37, 'CO2', 'ton CO2/10MWh', '10.878', 1, 2007),
(584, 38, 'CO2', 'ton CO2/10MWh', '10.878', 1, 2007),
(585, 39, 'CO2', 'ton CO2/10MWh', '10.878', 1, 2007),
(586, 40, 'CO2', 'ton CO2/10MWh', '10.878', 1, 2007),
(587, 41, 'CO2', 'ton CO2/10MWh', '10.878', 1, 2007),
(588, 42, 'CO2', 'ton CO2/10MWh', '11.554', 1, 2007),
(589, 43, 'CO2', 'ton CO2/10MWh', '11.554', 1, 2007),
(590, 44, 'CO2', 'ton CO2/10MWh', '11.554', 1, 2007),
(591, 45, 'CO2', 'ton CO2/10MWh', '8.483', 1, 2007),
(592, 46, 'CO2', 'ton CO2/10MWh', '8.483', 1, 2007),
(593, 47, 'CO2', 'ton CO2/10MWh', '8.483', 1, 2007),
(594, 48, 'CO2', 'ton CO2/10MWh', '8.483', 1, 2007),
(595, 49, 'CO2', 'ton CO2/10MWh', '8.483', 1, 2007),
(596, 50, 'CO2', 'ton CO2/10MWh', '7.744', 1, 2007),
(597, 51, 'CO2', 'ton CO2/10MWh', '10.878', 1, 2007),
(598, 52, 'CO2', 'ton CO2/10MWh', '7.744', 1, 2007),
(599, 53, 'CO2', 'ton CO2/10MWh', '7.744', 1, 2007),
(600, 54, 'CO2', 'ton CO2/10MWh', '7.744', 1, 2007),
(601, 55, 'CO2', 'ton CO2/10MWh', '7.456', 1, 2007),
(602, 56, 'CO2', 'ton CO2/10MWh', '7.456', 1, 2007),
(603, 57, 'CO2', 'ton CO2/10MWh', '7.680', 1, 2007),
(604, 58, 'CO2', 'ton CO2/10MWh', '7.744', 1, 2007),
(605, 59, 'CO2', 'ton CO2/10MWh', '7.744', 1, 2007),
(606, 60, 'CO2', 'ton CO2/10MWh', '7.456', 1, 2007),
(607, 61, 'CO2', 'ton CO2/10MWh', '7.456', 1, 2007),
(608, 62, 'CO2', 'ton CO2/10MWh', '8.731', 1, 2007),
(609, 63, 'CO2', 'ton CO2/10MWh', '8.731', 1, 2007),
(610, 64, 'CO2', 'ton CO2/10MWh', '8.731', 1, 2007),
(611, 65, 'CO2', 'ton CO2/10MWh', '8.731', 1, 2007),
(612, 66, 'CO2', 'ton CO2/10MWh', '8.731', 1, 2007),
(613, 37, 'CH4', 'g CH4/10MWh', '117.553', 1, 2007),
(614, 38, 'CH4', 'g CH4/10MWh', '117.553', 1, 2007),
(615, 39, 'CH4', 'g CH4/10MWh', '117.553', 1, 2007),
(616, 40, 'CH4', 'g CH4/10MWh', '117.553', 1, 2007),
(617, 41, 'CH4', 'g CH4/10MWh', '117.553', 1, 2007),
(618, 42, 'CH4', 'g CH4/10MWh', '125.337', 1, 2007),
(619, 43, 'CH4', 'g CH4/10MWh', '125.337', 1, 2007),
(620, 44, 'CH4', 'g CH4/10MWh', '125.337', 1, 2007),
(621, 45, 'CH4', 'g CH4/10MWh', '92.883', 1, 2007),
(622, 46, 'CH4', 'g CH4/10MWh', '92.883', 1, 2007),
(623, 47, 'CH4', 'g CH4/10MWh', '92.883', 1, 2007),
(624, 48, 'CH4', 'g CH4/10MWh', '92.883', 1, 2007),
(625, 49, 'CH4', 'g CH4/10MWh', '92.883', 1, 2007),
(626, 50, 'CH4', 'g CH4/10MWh', '82.938', 1, 2007),
(627, 51, 'CH4', 'g CH4/10MWh', '117.553', 1, 2007),
(628, 52, 'CH4', 'g CH4/10MWh', '82.938', 1, 2007),
(629, 53, 'CH4', 'g CH4/10MWh', '82.938', 1, 2007),
(630, 54, 'CH4', 'g CH4/10MWh', '82.938', 1, 2007),
(631, 55, 'CH4', 'g CH4/10MWh', '88.410', 1, 2007),
(632, 56, 'CH4', 'g CH4/10MWh', '88.410', 1, 2007),
(633, 57, 'CH4', 'g CH4/10MWh', '89.051', 1, 2007),
(634, 58, 'CH4', 'g CH4/10MWh', '82.938', 1, 2007),
(635, 59, 'CH4', 'g CH4/10MWh', '82.938', 1, 2007),
(636, 60, 'CH4', 'g CH4/10MWh', '88.410', 1, 2007),
(637, 61, 'CH4', 'g CH4/10MWh', '88.410', 1, 2007),
(638, 62, 'CH4', 'g CH4/10MWh', '92.796', 1, 2007),
(639, 63, 'CH4', 'g CH4/10MWh', '92.796', 1, 2007),
(640, 64, 'CH4', 'g CH4/10MWh', '92.796', 1, 2007),
(641, 65, 'CH4', 'g CH4/10MWh', '92.796', 1, 2007),
(642, 66, 'CH4', 'g CH4/10MWh', '92.796', 1, 2007),
(643, 37, 'N2O', 'g N2O/10MWh', '165.085', 1, 2007),
(644, 38, 'N2O', 'g N2O/10MWh', '165.085', 1, 2007),
(645, 39, 'N2O', 'g N2O/10MWh', '165.085', 1, 2007),
(646, 40, 'N2O', 'g N2O/10MWh', '165.085', 1, 2007),
(647, 41, 'N2O', 'g N2O/10MWh', '165.085', 1, 2007),
(648, 42, 'N2O', 'g N2O/10MWh', '175.052', 1, 2007),
(649, 43, 'N2O', 'g N2O/10MWh', '175.052', 1, 2007),
(650, 44, 'N2O', 'g N2O/10MWh', '175.052', 1, 2007),
(651, 45, 'N2O', 'g N2O/10MWh', '127.700', 1, 2007),
(652, 46, 'N2O', 'g N2O/10MWh', '127.700', 1, 2007),
(653, 47, 'N2O', 'g N2O/10MWh', '127.700', 1, 2007),
(654, 48, 'N2O', 'g N2O/10MWh', '127.700', 1, 2007),
(655, 49, 'N2O', 'g N2O/10MWh', '127.700', 1, 2007),
(656, 50, 'N2O', 'g N2O/10MWh', '118.503', 1, 2007),
(657, 51, 'N2O', 'g N2O/10MWh', '165.085', 1, 2007),
(658, 52, 'N2O', 'g N2O/10MWh', '118.503', 1, 2007),
(659, 53, 'N2O', 'g N2O/10MWh', '118.503', 1, 2007),
(660, 54, 'N2O', 'g N2O/10MWh', '118.503', 1, 2007),
(661, 55, 'N2O', 'g N2O/10MWh', '110.862', 1, 2007),
(662, 56, 'N2O', 'g N2O/10MWh', '110.862', 1, 2007),
(663, 57, 'N2O', 'g N2O/10MWh', '103.972', 1, 2007),
(664, 58, 'N2O', 'g N2O/10MWh', '118.503', 1, 2007),
(665, 59, 'N2O', 'g N2O/10MWh', '118.503', 1, 2007),
(666, 60, 'N2O', 'g N2O/10MWh', '110.862', 1, 2007),
(667, 61, 'N2O', 'g N2O/10MWh', '110.862', 1, 2007),
(668, 62, 'N2O', 'g N2O/10MWh', '133.660', 1, 2007),
(669, 63, 'N2O', 'g N2O/10MWh', '133.660', 1, 2007),
(670, 64, 'N2O', 'g N2O/10MWh', '133.660', 1, 2007),
(671, 65, 'N2O', 'g N2O/10MWh', '133.660', 1, 2007),
(672, 66, 'N2O', 'g N2O/10MWh', '133.660', 1, 2007),
(673, 37, 'CO2', 'ton CO2/10MWh', '11.232', 1, 2008),
(674, 38, 'CO2', 'ton CO2/10MWh', '11.232', 1, 2008),
(675, 39, 'CO2', 'ton CO2/10MWh', '11.232', 1, 2008),
(676, 40, 'CO2', 'ton CO2/10MWh', '11.232', 1, 2008),
(677, 41, 'CO2', 'ton CO2/10MWh', '11.232', 1, 2008),
(678, 42, 'CO2', 'ton CO2/10MWh', '11.716', 1, 2008),
(679, 43, 'CO2', 'ton CO2/10MWh', '11.716', 1, 2008),
(680, 44, 'CO2', 'ton CO2/10MWh', '11.716', 1, 2008),
(681, 45, 'CO2', 'ton CO2/10MWh', '8.268', 1, 2008),
(682, 46, 'CO2', 'ton CO2/10MWh', '8.268', 1, 2008),
(683, 47, 'CO2', 'ton CO2/10MWh', '8.268', 1, 2008),
(684, 48, 'CO2', 'ton CO2/10MWh', '8.268', 1, 2008),
(685, 49, 'CO2', 'ton CO2/10MWh', '8.268', 1, 2008),
(686, 50, 'CO2', 'ton CO2/10MWh', '6.892', 1, 2008),
(687, 51, 'CO2', 'ton CO2/10MWh', '11.232', 1, 2008),
(688, 52, 'CO2', 'ton CO2/10MWh', '6.892', 1, 2008),
(689, 53, 'CO2', 'ton CO2/10MWh', '6.892', 1, 2008),
(690, 54, 'CO2', 'ton CO2/10MWh', '6.892', 1, 2008),
(691, 55, 'CO2', 'ton CO2/10MWh', '6.595', 1, 2008),
(692, 56, 'CO2', 'ton CO2/10MWh', '6.595', 1, 2008),
(693, 57, 'CO2', 'ton CO2/10MWh', '7.753', 1, 2008),
(694, 58, 'CO2', 'ton CO2/10MWh', '6.892', 1, 2008),
(695, 59, 'CO2', 'ton CO2/10MWh', '6.892', 1, 2008),
(696, 60, 'CO2', 'ton CO2/10MWh', '6.595', 1, 2008),
(697, 61, 'CO2', 'ton CO2/10MWh', '6.595', 1, 2008),
(698, 62, 'CO2', 'ton CO2/10MWh', '8.534', 1, 2008),
(699, 63, 'CO2', 'ton CO2/10MWh', '8.534', 1, 2008),
(700, 64, 'CO2', 'ton CO2/10MWh', '8.534', 1, 2008),
(701, 65, 'CO2', 'ton CO2/10MWh', '8.534', 1, 2008),
(702, 66, 'CO2', 'ton CO2/10MWh', '8.534', 1, 2008),
(703, 37, 'CH4', 'g CH4/10MWh', '122.0426683', 1, 2008),
(704, 38, 'CH4', 'g CH4/10MWh', '122.0426683', 1, 2008),
(705, 39, 'CH4', 'g CH4/10MWh', '122.0426683', 1, 2008),
(706, 40, 'CH4', 'g CH4/10MWh', '122.0426683', 1, 2008),
(707, 41, 'CH4', 'g CH4/10MWh', '122.0426683', 1, 2008),
(708, 42, 'CH4', 'g CH4/10MWh', '126.6565998', 1, 2008),
(709, 43, 'CH4', 'g CH4/10MWh', '126.6565998', 1, 2008),
(710, 44, 'CH4', 'g CH4/10MWh', '126.6565998', 1, 2008),
(711, 45, 'CH4', 'g CH4/10MWh', '90.68628938', 1, 2008),
(712, 46, 'CH4', 'g CH4/10MWh', '90.68628938', 1, 2008),
(713, 47, 'CH4', 'g CH4/10MWh', '90.68628938', 1, 2008),
(714, 48, 'CH4', 'g CH4/10MWh', '90.68628938', 1, 2008),
(715, 49, 'CH4', 'g CH4/10MWh', '90.68628938', 1, 2008),
(716, 50, 'CH4', 'g CH4/10MWh', '73.86797809', 1, 2008),
(717, 51, 'CH4', 'g CH4/10MWh', '122.0426683', 1, 2008),
(718, 52, 'CH4', 'g CH4/10MWh', '73.86797809', 1, 2008),
(719, 53, 'CH4', 'g CH4/10MWh', '73.86797809', 1, 2008),
(720, 54, 'CH4', 'g CH4/10MWh', '73.86797809', 1, 2008),
(721, 55, 'CH4', 'g CH4/10MWh', '76.99783591', 1, 2008),
(722, 56, 'CH4', 'g CH4/10MWh', '76.99783591', 1, 2008),
(723, 57, 'CH4', 'g CH4/10MWh', '89.9694167', 1, 2008),
(724, 58, 'CH4', 'g CH4/10MWh', '73.86797809', 1, 2008),
(725, 59, 'CH4', 'g CH4/10MWh', '73.86797809', 1, 2008),
(726, 60, 'CH4', 'g CH4/10MWh', '76.99783591', 1, 2008),
(727, 61, 'CH4', 'g CH4/10MWh', '76.99783591', 1, 2008),
(728, 62, 'CH4', 'g CH4/10MWh', '90.60432561', 1, 2008),
(729, 63, 'CH4', 'g CH4/10MWh', '90.60432561', 1, 2008),
(730, 64, 'CH4', 'g CH4/10MWh', '90.60432561', 1, 2008),
(731, 65, 'CH4', 'g CH4/10MWh', '90.60432561', 1, 2008),
(732, 66, 'CH4', 'g CH4/10MWh', '90.60432561', 1, 2008),
(733, 37, 'N2O', 'g N2O/10MWh', '169.559646', 1, 2008),
(734, 38, 'N2O', 'g N2O/10MWh', '169.559646', 1, 2008),
(735, 39, 'N2O', 'g N2O/10MWh', '169.559646', 1, 2008),
(736, 40, 'N2O', 'g N2O/10MWh', '169.559646', 1, 2008),
(737, 41, 'N2O', 'g N2O/10MWh', '169.559646', 1, 2008),
(738, 42, 'N2O', 'g N2O/10MWh', '178.0755219', 1, 2008),
(739, 43, 'N2O', 'g N2O/10MWh', '178.0755219', 1, 2008),
(740, 44, 'N2O', 'g N2O/10MWh', '178.0755219', 1, 2008),
(741, 45, 'N2O', 'g N2O/10MWh', '124.1810489', 1, 2008),
(742, 46, 'N2O', 'g N2O/10MWh', '124.1810489', 1, 2008),
(743, 47, 'N2O', 'g N2O/10MWh', '124.1810489', 1, 2008),
(744, 48, 'N2O', 'g N2O/10MWh', '124.1810489', 1, 2008),
(745, 49, 'N2O', 'g N2O/10MWh', '124.1810489', 1, 2008),
(746, 50, 'N2O', 'g N2O/10MWh', '105.1927402', 1, 2008),
(747, 51, 'N2O', 'g N2O/10MWh', '169.559646', 1, 2008),
(748, 52, 'N2O', 'g N2O/10MWh', '105.1927402', 1, 2008),
(749, 53, 'N2O', 'g N2O/10MWh', '105.1927402', 1, 2008),
(750, 54, 'N2O', 'g N2O/10MWh', '105.1927402', 1, 2008),
(751, 55, 'N2O', 'g N2O/10MWh', '97.84280323', 1, 2008),
(752, 56, 'N2O', 'g N2O/10MWh', '97.84280323', 1, 2008),
(753, 57, 'N2O', 'g N2O/10MWh', '103.958145', 1, 2008),
(754, 58, 'N2O', 'g N2O/10MWh', '105.1927402', 1, 2008),
(755, 59, 'N2O', 'g N2O/10MWh', '105.1927402', 1, 2008),
(756, 60, 'N2O', 'g N2O/10MWh', '97.84280323', 1, 2008),
(757, 61, 'N2O', 'g N2O/10MWh', '97.84280323', 1, 2008),
(758, 62, 'N2O', 'g N2O/10MWh', '130.8410307', 1, 2008),
(759, 63, 'N2O', 'g N2O/10MWh', '130.8410307', 1, 2008),
(760, 64, 'N2O', 'g N2O/10MWh', '130.8410307', 1, 2008),
(761, 65, 'N2O', 'g N2O/10MWh', '130.8410307', 1, 2008),
(762, 66, 'N2O', 'g N2O/10MWh', '130.8410307', 1, 2008),
(763, 67, 'CO2', 'kg CO2e/kWh', '0.626', 1, 2005),
(764, 67, 'CO2', 'kg CO2e/kWh', '0.637', 1, 2006),
(765, 67, 'CO2', 'kg CO2e/kWh', '0.632', 1, 2007),
(766, 67, 'CO2', 'kg CO2e/kWh', '0.631', 1, 2008),
(767, 67, 'CO2', 'kg CO2e/kWh', '0.616', 1, 2009),
(768, 67, 'CO2', 'kg CO2e/kWh', '0.612', 1, 2010),
(769, 69, 'CO2', 'Kilogram/US Gallon', '9.428', 2, NULL),
(770, 69, 'CO2', 'Kilogram/US Gallon', '8.333', 3, NULL),
(771, 69, 'CO2', 'Kilogram/US Gallon', '8.598734991', 4, NULL),
(772, 69, 'CO2', 'Kilogram/US Gallon', '10.131', 5, NULL),
(773, 69, 'CO2', 'Kilogram/US Gallon', '11.125', 6, NULL),
(774, 69, 'CO2', 'Kilogram/US Gallon', '6.1', 7, NULL),
(775, 69, 'CO2', 'Kilogram/Standard Cubic Foot', '0.053', 8, NULL),
(776, 69, 'CO2', 'Kilogram/US Gallon', '4.46', 9, NULL),
(777, 69, 'CO2', 'Kilogram/US Gallon', '1.289810249', 12, NULL),
(778, 69, 'CO2', 'Kilogram/US Gallon', '8.104417776', 13, NULL),
(779, 68, 'CO2', 'Kilogram/US Gallon', '9.54605', 2, NULL),
(780, 68, 'CO2', 'Kilogram/US Gallon', '8.37295', 3, NULL),
(781, 68, 'CO2', 'Kilogram/US Gallon', '8.71326', 4, NULL),
(782, 68, 'CO2', 'Kilogram/US Gallon', '9.99841', 5, NULL),
(783, 68, 'CO2', 'Kilogram/US Gallon', '9.576713272', 6, NULL),
(784, 68, 'CO2', 'Kilogram/US Gallon', '5.641020641', 7, NULL),
(785, 68, 'CO2', 'Kilogram/Standard Cubic Foot', '0.057284981', 8, NULL),
(786, 68, 'CO2', 'Kilogram/US Gallon', '4.645457341', 9, NULL),
(787, 68, 'CO2', 'Kilogram/US Gallon', '1.306989', 12, NULL),
(788, 68, 'CO2', 'Kilogram/US Gallon', '7.998728', 13, NULL),
(789, 1, 'CO2', 'Kilogram/US Gallon', '9.57', 2, NULL),
(790, 1, 'CO2', 'Kilogram/US Gallon', '8.32', 3, NULL),
(791, 1, 'CO2', 'Kilogram/US Gallon', '8.81', 4, NULL),
(792, 1, 'CO2', 'Kilogram/US Gallon', '10.15', 5, NULL),
(793, 1, 'CO2', 'Kilogram/US Gallon', '11.8', 6, NULL),
(794, 1, 'CO2', 'Kilogram/US Gallon', '5.79', 7, NULL),
(795, 1, 'CO2', 'Kilogram/Standard Cubic Foot', '0.054', 8, NULL),
(796, 1, 'CO2', 'Kilogram/US Gallon', '4.46', 9, NULL),
(797, 1, 'CO2', 'Kilogram/US Gallon', '1.3215', 12, NULL),
(798, 1, 'CO2', 'Kilogram/US Gallon', '8.12', 13, NULL),
(799, 69, 'CO2 - Biomass Fuel', 'Kilogram/US Gallon', '5.56', 10, NULL),
(800, 69, 'CO2 - Biomass Fuel', 'Kilogram/US Gallon', '9.46', 11, NULL),
(801, 69, 'CO2 - Biomass Fuel', 'Kilogram/US Gallon', '4.726', 12, NULL),
(802, 69, 'CO2 - Biomass Fuel', 'Kilogram/US Gallon', '1.892', 13, NULL),
(803, 68, 'CO2 - Biomass Fuel', 'Kilogram/US Gallon', '5.56', 10, NULL),
(804, 68, 'CO2 - Biomass Fuel', 'Kilogram/US Gallon', '9.46', 11, NULL),
(805, 68, 'CO2 - Biomass Fuel', 'Kilogram/US Gallon', '4.726', 12, NULL),
(806, 68, 'CO2 - Biomass Fuel', 'Kilogram/US Gallon', '1.892', 13, NULL),
(807, 1, 'CO2 - Biomass Fuel', 'Kilogram/US Gallon', '5.56', 10, NULL),
(808, 1, 'CO2 - Biomass Fuel', 'Kilogram/US Gallon', '9.46', 11, NULL),
(809, 1, 'CO2 - Biomass Fuel', 'Kilogram/US Gallon', '4.726', 12, NULL),
(810, 1, 'CO2 - Biomass Fuel', 'Kilogram/US Gallon', '1.892', 13, NULL),
(858, 68, 'CH4', 'Gram/US Gallon', '0.8', 14, NULL),
(859, 68, 'CH4', 'Gram/US Gallon', '0', 105, NULL),
(860, 68, 'CH4', 'Gram/US Gallon', '1.26', 15, NULL),
(861, 68, 'CH4', 'Gram/US Gallon', '1.44', 16, NULL),
(862, 68, 'CH4', 'Gram/US Gallon', '0.5', 17, NULL),
(863, 68, 'CH4', 'Gram/US Gallon', '0.58', 18, NULL),
(864, 68, 'CH4', 'Gram/US Gallon', '0', 105, NULL),
(865, 68, 'CH4', 'Gram/US Gallon', '0.86', 19, NULL),
(866, 68, 'CH4', 'Gram/US Gallon', '0.74', 20, NULL),
(867, 68, 'CH4', 'Gram/US Gallon', '0.64', 21, NULL),
(868, 68, 'CH4', 'Gram/US Gallon', '0', 105, NULL),
(869, 68, 'CH4', 'Gram/US Gallon', '0', 105, NULL),
(870, 1, 'CH4', 'Gram/US Gallon', '0.8', 14, NULL),
(871, 1, 'CH4', 'Gram/US Gallon', '1.26', 15, NULL),
(872, 1, 'CH4', 'Gram/US Gallon', '1.44', 16, NULL),
(873, 1, 'CH4', 'Gram/US Gallon', '0.5', 17, NULL),
(874, 1, 'CH4', 'Gram/US Gallon', '0.58', 18, NULL),
(875, 1, 'CH4', 'Gram/US Gallon', '4.7184', 22, NULL),
(876, 1, 'CH4', 'Gram/US Gallon', '0.985', 23, NULL),
(877, 1, 'CH4', 'Gram/US Gallon', '0.01887', 24, NULL),
(878, 1, 'CH4', 'Gram/US Gallon', '0.105', 25, NULL),
(879, 1, 'CH4', 'Gram/US Gallon', '1.584', 26, NULL),
(880, 1, 'CH4', 'Gram/US Gallon', '1.19475', 27, NULL),
(881, 1, 'CH4', 'Gram/US Gallon', '0.8055', 28, NULL),
(882, 1, 'CH4', 'Gram/US Gallon', '0.612', 29, NULL),
(883, 1, 'CH4', 'Gram/US Gallon', '0.603', 30, NULL),
(884, 1, 'CH4', 'Gram/US Gallon', '0.56025', 31, NULL),
(885, 1, 'CH4', 'Gram/US Gallon', '0.486', 32, NULL),
(886, 1, 'CH4', 'Gram/US Gallon', '0.4005', 33, NULL),
(887, 1, 'CH4', 'Gram/US Gallon', '0.2475', 34, NULL),
(888, 1, 'CH4', 'Gram/US Gallon', '0.24075', 35, NULL),
(889, 1, 'CH4', 'Gram/US Gallon', '0.2565', 36, NULL),
(890, 1, 'CH4', 'Gram/US Gallon', '0.32625', 37, NULL),
(891, 1, 'CH4', 'Gram/US Gallon', '0.33075', 38, NULL),
(892, 1, 'CH4', 'Gram/US Gallon', '0.0135', 39, NULL),
(893, 1, 'CH4', 'Gram/US Gallon', '0.01125', 40, NULL),
(894, 1, 'CH4', 'Gram/US Gallon', '0.6975', 41, NULL),
(895, 1, 'CH4', 'Gram/US Gallon', '11.9394', 42, NULL),
(896, 1, 'CH4', 'Gram/US Gallon', '0.5994', 43, NULL),
(897, 1, 'CH4', 'Gram/US Gallon', '0.891', 44, NULL),
(898, 1, 'CH4', 'Gram/US Gallon', '1.31706', 45, NULL),
(899, 1, 'CH4', 'Gram/US Gallon', '1.04652', 46, NULL),
(900, 1, 'CH4', 'Gram/US Gallon', '0.83754', 47, NULL),
(901, 1, 'CH4', 'Gram/US Gallon', '0.73224', 48, NULL),
(902, 1, 'CH4', 'Gram/US Gallon', '0.73224', 49, NULL),
(903, 1, 'CH4', 'Gram/US Gallon', '0.63342', 50, NULL),
(904, 1, 'CH4', 'Gram/US Gallon', '0.52002', 51, NULL),
(905, 1, 'CH4', 'Gram/US Gallon', '0.56052', 52, NULL),
(906, 1, 'CH4', 'Gram/US Gallon', '0.24462', 53, NULL),
(907, 1, 'CH4', 'Gram/US Gallon', '0.28836', 54, NULL),
(908, 1, 'CH4', 'Gram/US Gallon', '0.2511', 55, NULL),
(909, 1, 'CH4', 'Gram/US Gallon', '0.24624', 56, NULL),
(910, 1, 'CH4', 'Gram/US Gallon', '0.25434', 57, NULL),
(911, 1, 'CH4', 'Gram/US Gallon', '0.01782', 58, NULL),
(912, 1, 'CH4', 'Gram/US Gallon', '0.01458', 59, NULL),
(913, 1, 'CH4', 'Gram/US Gallon', '0.0162', 60, NULL),
(914, 1, 'CH4', 'Gram/US Gallon', '0.5832', 61, NULL),
(915, 1, 'CH4', 'Gram/US Gallon', '3.5992', 62, NULL),
(916, 1, 'CH4', 'Gram/US Gallon', '3.234', 63, NULL),
(917, 1, 'CH4', 'Gram/US Gallon', '3.07296', 64, NULL),
(918, 1, 'CH4', 'Gram/US Gallon', '2.85648', 65, NULL),
(919, 1, 'CH4', 'Gram/US Gallon', '1.12464', 66, NULL),
(920, 1, 'CH4', 'Gram/US Gallon', '0.81312', 67, NULL),
(921, 1, 'CH4', 'Gram/US Gallon', '0.56408', 68, NULL),
(922, 1, 'CH4', 'Gram/US Gallon', '0.50864', 69, NULL),
(923, 1, 'CH4', 'Gram/US Gallon', '0.43384', 70, NULL),
(924, 1, 'CH4', 'Gram/US Gallon', '0.46464', 71, NULL),
(925, 1, 'CH4', 'Gram/US Gallon', '0.48048', 72, NULL),
(926, 1, 'CH4', 'Gram/US Gallon', '0.46904', 73, NULL),
(927, 1, 'CH4', 'Gram/US Gallon', '0.30008', 74, NULL),
(928, 1, 'CH4', 'Gram/US Gallon', '0.28688', 75, NULL),
(929, 1, 'CH4', 'Gram/US Gallon', '0.04488', 76, NULL),
(930, 1, 'CH4', 'Gram/US Gallon', '17.3008', 77, NULL),
(931, 1, 'CH4', 'Gram/US Gallon', '17.3008', 78, NULL),
(932, 1, 'CH4', 'Gram/US Gallon', '0.5808', 79, NULL),
(933, 1, 'CH4', 'Gram/US Gallon', '1.7336', 80, NULL),
(934, 1, 'CH4', 'Gram/US Gallon', '0.1848', 81, NULL),
(935, 1, 'CH4', 'Gram/US Gallon', '2.4131', 82, NULL),
(936, 1, 'CH4', 'Gram/US Gallon', '2.16825', 83, NULL),
(937, 1, 'CH4', 'Gram/US Gallon', '2.06028', 84, NULL),
(938, 1, 'CH4', 'Gram/US Gallon', '1.91514', 85, NULL),
(939, 1, 'CH4', 'Gram/US Gallon', '0.75402', 86, NULL),
(940, 1, 'CH4', 'Gram/US Gallon', '0.54516', 87, NULL),
(941, 1, 'CH4', 'Gram/US Gallon', '0.37819', 88, NULL),
(942, 1, 'CH4', 'Gram/US Gallon', '0.34102', 89, NULL),
(943, 1, 'CH4', 'Gram/US Gallon', '0.29087', 90, NULL),
(944, 1, 'CH4', 'Gram/US Gallon', '0.31152', 91, NULL),
(945, 1, 'CH4', 'Gram/US Gallon', '0.32214', 92, NULL),
(946, 1, 'CH4', 'Gram/US Gallon', '0.31447', 93, NULL),
(947, 1, 'CH4', 'Gram/US Gallon', '0.20119', 94, NULL),
(948, 1, 'CH4', 'Gram/US Gallon', '0.19234', 95, NULL),
(949, 1, 'CH4', 'Gram/US Gallon', '0.03009', 96, NULL),
(950, 1, 'CH4', 'Gram/US Gallon', '11.5994', 97, NULL),
(951, 1, 'CH4', 'Gram/US Gallon', '11.5994', 98, NULL),
(952, 1, 'CH4', 'Gram/US Gallon', '0.3894', 99, NULL),
(953, 1, 'CH4', 'Gram/US Gallon', '1.1623', 100, NULL),
(954, 1, 'CH4', 'Gram/US Gallon', '0.1239', 101, NULL),
(955, 1, 'CH4', 'Gram/US Gallon', '3.36', 102, NULL),
(956, 1, 'CH4', 'Gram/US Gallon', '4.495', 103, NULL),
(957, 1, 'CH4', 'Gram/US Gallon', '3.5', 104, NULL),
(958, 1, 'CH4', 'Gram/US Gallon', '0.86', 19, NULL),
(959, 1, 'CH4', 'Gram/US Gallon', '0.74', 20, NULL),
(960, 1, 'CH4', 'Gram/US Gallon', '0.64', 21, NULL),
(961, 68, 'CH4', 'Gram/US Gallon', '0.26', 14, NULL),
(962, 68, 'CH4', 'Gram/US Gallon', '0', 105, NULL),
(963, 68, 'CH4', 'Gram/US Gallon', '0.22', 15, NULL),
(964, 68, 'CH4', 'Gram/US Gallon', '0.26', 16, NULL),
(965, 68, 'CH4', 'Gram/US Gallon', '0.22', 17, NULL),
(966, 68, 'CH4', 'Gram/US Gallon', '0.26', 18, NULL),
(967, 68, 'CH4', 'Gram/US Gallon', '0', 105, NULL),
(968, 68, 'CH4', 'Gram/US Gallon', '0.3', 19, NULL),
(969, 68, 'CH4', 'Gram/US Gallon', '0.26', 20, NULL),
(970, 68, 'CH4', 'Gram/US Gallon', '0.22', 21, NULL),
(971, 68, 'CH4', 'Gram/US Gallon', '0', 105, NULL),
(972, 68, 'CH4', 'Gram/US Gallon', '0', 105, NULL),
(973, 1, 'CH4', 'Gram/US Gallon', '0.26', 14, NULL),
(974, 1, 'CH4', 'Gram/US Gallon', '0.22', 15, NULL),
(975, 1, 'CH4', 'Gram/US Gallon', '0.26', 16, NULL),
(976, 1, 'CH4', 'Gram/US Gallon', '0.22', 17, NULL),
(977, 1, 'CH4', 'Gram/US Gallon', '0.26', 18, NULL),
(978, 1, 'CH4', 'Gram/US Gallon', '0.42', 22, NULL),
(979, 1, 'CH4', 'Gram/US Gallon', '0.875', 23, NULL),
(980, 1, 'CH4', 'Gram/US Gallon', '0.01776', 24, NULL),
(981, 1, 'CH4', 'Gram/US Gallon', '0.085', 25, NULL),
(982, 1, 'CH4', 'Gram/US Gallon', '1.45575', 26, NULL),
(983, 1, 'CH4', 'Gram/US Gallon', '1.26', 27, NULL),
(984, 1, 'CH4', 'Gram/US Gallon', '1.06425', 28, NULL),
(985, 1, 'CH4', 'Gram/US Gallon', '0.9585', 29, NULL),
(986, 1, 'CH4', 'Gram/US Gallon', '0.9495', 30, NULL),
(987, 1, 'CH4', 'Gram/US Gallon', '0.88425', 31, NULL),
(988, 1, 'CH4', 'Gram/US Gallon', '0.75825', 32, NULL),
(989, 1, 'CH4', 'Gram/US Gallon', '0.61425', 33, NULL),
(990, 1, 'CH4', 'Gram/US Gallon', '0.3555', 34, NULL),
(991, 1, 'CH4', 'Gram/US Gallon', '0.34425', 35, NULL),
(992, 1, 'CH4', 'Gram/US Gallon', '0.30375', 36, NULL),
(993, 1, 'CH4', 'Gram/US Gallon', '0.18675', 37, NULL),
(994, 1, 'CH4', 'Gram/US Gallon', '0.17775', 38, NULL),
(995, 1, 'CH4', 'Gram/US Gallon', '0.027', 39, NULL),
(996, 1, 'CH4', 'Gram/US Gallon', '0.0225', 40, NULL),
(997, 1, 'CH4', 'Gram/US Gallon', '0.72', 41, NULL),
(998, 1, 'CH4', 'Gram/US Gallon', '0.81', 42, NULL),
(999, 1, 'CH4', 'Gram/US Gallon', '1.0854', 43, NULL),
(1000, 1, 'CH4', 'Gram/US Gallon', '1.0854', 44, NULL),
(1001, 1, 'CH4', 'Gram/US Gallon', '1.6767', 45, NULL),
(1002, 1, 'CH4', 'Gram/US Gallon', '1.59084', 46, NULL),
(1003, 1, 'CH4', 'Gram/US Gallon', '1.47096', 47, NULL),
(1004, 1, 'CH4', 'Gram/US Gallon', '1.41102', 48, NULL),
(1005, 1, 'CH4', 'Gram/US Gallon', '1.41102', 49, NULL),
(1006, 1, 'CH4', 'Gram/US Gallon', '1.17936', 50, NULL),
(1007, 1, 'CH4', 'Gram/US Gallon', '0.91368', 51, NULL),
(1008, 1, 'CH4', 'Gram/US Gallon', '1.00602', 52, NULL),
(1009, 1, 'CH4', 'Gram/US Gallon', '0.26568', 53, NULL),
(1010, 1, 'CH4', 'Gram/US Gallon', '0.36936', 54, NULL),
(1011, 1, 'CH4', 'Gram/US Gallon', '0.18468', 55, NULL),
(1012, 1, 'CH4', 'Gram/US Gallon', '0.21384', 56, NULL),
(1013, 1, 'CH4', 'Gram/US Gallon', '0.16362', 57, NULL),
(1014, 1, 'CH4', 'Gram/US Gallon', '0.02754', 58, NULL),
(1015, 1, 'CH4', 'Gram/US Gallon', '0.02268', 59, NULL),
(1016, 1, 'CH4', 'Gram/US Gallon', '0.0243', 60, NULL),
(1017, 1, 'CH4', 'Gram/US Gallon', '0.7614', 61, NULL),
(1018, 1, 'CH4', 'Gram/US Gallon', '0.4532', 62, NULL),
(1019, 1, 'CH4', 'Gram/US Gallon', '0.74712', 63, NULL),
(1020, 1, 'CH4', 'Gram/US Gallon', '0.82104', 64, NULL),
(1021, 1, 'CH4', 'Gram/US Gallon', '1.00496', 65, NULL),
(1022, 1, 'CH4', 'Gram/US Gallon', '1.4784', 66, NULL),
(1023, 1, 'CH4', 'Gram/US Gallon', '1.51888', 67, NULL),
(1024, 1, 'CH4', 'Gram/US Gallon', '1.48984', 68, NULL),
(1025, 1, 'CH4', 'Gram/US Gallon', '1.2628', 69, NULL),
(1026, 1, 'CH4', 'Gram/US Gallon', '0.96096', 70, NULL),
(1027, 1, 'CH4', 'Gram/US Gallon', '1.0868', 71, NULL),
(1028, 1, 'CH4', 'Gram/US Gallon', '1.15016', 72, NULL),
(1029, 1, 'CH4', 'Gram/US Gallon', '1.0912', 73, NULL),
(1030, 1, 'CH4', 'Gram/US Gallon', '0.2508', 74, NULL),
(1031, 1, 'CH4', 'Gram/US Gallon', '0.15576', 75, NULL),
(1032, 1, 'CH4', 'Gram/US Gallon', '0.04224', 76, NULL),
(1033, 1, 'CH4', 'Gram/US Gallon', '1.54', 77, NULL),
(1034, 1, 'CH4', 'Gram/US Gallon', '1.54', 78, NULL),
(1035, 1, 'CH4', 'Gram/US Gallon', '1.54', 79, NULL),
(1036, 1, 'CH4', 'Gram/US Gallon', '1.54', 80, NULL),
(1037, 1, 'CH4', 'Gram/US Gallon', '0.1496', 81, NULL),
(1038, 1, 'CH4', 'Gram/US Gallon', '0.30385', 82, NULL),
(1039, 1, 'CH4', 'Gram/US Gallon', '0.50091', 83, NULL),
(1040, 1, 'CH4', 'Gram/US Gallon', '0.55047', 84, NULL),
(1041, 1, 'CH4', 'Gram/US Gallon', '0.67378', 85, NULL),
(1042, 1, 'CH4', 'Gram/US Gallon', '0.9912', 86, NULL),
(1043, 1, 'CH4', 'Gram/US Gallon', '1.01834', 87, NULL),
(1044, 1, 'CH4', 'Gram/US Gallon', '0.99887', 88, NULL),
(1045, 1, 'CH4', 'Gram/US Gallon', '0.84665', 89, NULL),
(1046, 1, 'CH4', 'Gram/US Gallon', '0.64428', 90, NULL),
(1047, 1, 'CH4', 'Gram/US Gallon', '0.72865', 91, NULL),
(1048, 1, 'CH4', 'Gram/US Gallon', '0.77113', 92, NULL),
(1049, 1, 'CH4', 'Gram/US Gallon', '0.7316', 93, NULL);
INSERT INTO `wp_emission` (`id`, `location_id`, `type`, `unit`, `value`, `fuel_type`, `year`) VALUES
(1050, 1, 'CH4', 'Gram/US Gallon', '0.16815', 94, NULL),
(1051, 1, 'CH4', 'Gram/US Gallon', '0.10443', 95, NULL),
(1052, 1, 'CH4', 'Gram/US Gallon', '0.02832', 96, NULL),
(1053, 1, 'CH4', 'Gram/US Gallon', '1.0325', 97, NULL),
(1054, 1, 'CH4', 'Gram/US Gallon', '1.0325', 98, NULL),
(1055, 1, 'CH4', 'Gram/US Gallon', '1.0325', 99, NULL),
(1056, 1, 'CH4', 'Gram/US Gallon', '1.0325', 100, NULL),
(1057, 1, 'CH4', 'Gram/US Gallon', '0.1003', 101, NULL),
(1058, 1, 'CH4', 'Gram/US Gallon', '0.345', 102, NULL),
(1059, 1, 'CH4', 'Gram/US Gallon', '0.435', 103, NULL),
(1060, 1, 'CH4', 'Gram/US Gallon', '0.35', 104, NULL),
(1061, 1, 'CH4', 'Gram/US Gallon', '0.3', 19, NULL),
(1062, 1, 'CH4', 'Gram/US Gallon', '0.26', 20, NULL),
(1063, 1, 'CH4', 'Gram/US Gallon', '0.22', 21, NULL);

-- --------------------------------------------------------

--
-- Table structure for table `wp_location`
--

CREATE TABLE `wp_location` (
  `id` int(10) NOT NULL,
  `country` varchar(50) NOT NULL,
  `region` varchar(100) NOT NULL
) ENGINE=InnoDB DEFAULT CHARSET=utf8mb4 COLLATE=utf8mb4_general_ci;

--
-- Dumping data for table `wp_location`
--

INSERT INTO `wp_location` (`id`, `country`, `region`) VALUES
(1, 'US', ''),
(2, 'US', 'ASCC Alaska Grid'),
(3, 'US', 'ASCC Miscellaneous'),
(4, 'US', 'ASCC - Subregion unknown'),
(5, 'US', 'ERCOT All'),
(6, 'US', 'FRCC All'),
(7, 'US', 'HICC Miscellaneous'),
(8, 'US', 'HICC Oahu'),
(9, 'US', 'HICC - Subregion unknown'),
(10, 'US', 'MRO East'),
(11, 'US', 'MRO West'),
(12, 'US', 'MRO - Subregion unknown'),
(13, 'US', 'NPCC Long Island'),
(14, 'US', 'NPCC New England'),
(15, 'US', 'NPCC NYC/Westchester'),
(16, 'US', 'NPCC Upstate NY'),
(17, 'US', 'NPCC - Subregion unknown'),
(18, 'US', 'RFC East'),
(19, 'US', 'RFC Michigan'),
(20, 'US', 'RFC West'),
(21, 'US', 'RFC - Subregion unknown'),
(22, 'US', 'SERC Midwest'),
(23, 'US', 'SERC Mississippi Valley'),
(24, 'US', 'SERC South'),
(25, 'US', 'SERC Tennessee Valley'),
(26, 'US', 'SERC Virginia/Carolina'),
(27, 'US', 'SERC - Subregion unknown'),
(28, 'US', 'SPP North'),
(29, 'US', 'SPP South'),
(30, 'US', 'SPP - Subregion unknown'),
(31, 'US', 'WECC California'),
(32, 'US', 'WECC Northwest'),
(33, 'US', 'WECC Rockies'),
(34, 'US', 'WECC Southwest'),
(35, 'US', 'WECC - Subregion unknown'),
(36, 'China', ''),
(37, 'China', 'Beijing'),
(38, 'China', 'Tianjin'),
(39, 'China', 'Hebei'),
(40, 'China', 'Shanxi'),
(41, 'China', 'Inner Mongolia'),
(42, 'China', 'Liaoning'),
(43, 'China', 'Jilin'),
(44, 'China', 'Heilongjiang'),
(45, 'China', 'Shanghai'),
(46, 'China', 'Jiangsu'),
(47, 'China', 'Zhejiang'),
(48, 'China', 'Anhui'),
(49, 'China', 'Fujian'),
(50, 'China', 'Jiangxi'),
(51, 'China', 'Shandong'),
(52, 'China', 'Henan'),
(53, 'China', 'Hubei'),
(54, 'China', 'Hunan'),
(55, 'China', 'Guangdong'),
(56, 'China', 'Guangxi'),
(57, 'China', 'Hainan'),
(58, 'China', 'Chongqing'),
(59, 'China', 'Sichuan'),
(60, 'China', 'Guizhou'),
(61, 'China', 'Yunnan'),
(62, 'China', 'Shaanxi'),
(63, 'China', 'Gansu'),
(64, 'China', 'Qinghai'),
(65, 'China', 'Ningxia'),
(66, 'China', 'Xinjiang'),
(67, 'Taiwan', ''),
(68, 'UK', ''),
(69, 'Other', ''),
(70, 'Austria', ''),
(71, 'Belgium', ''),
(72, 'Bulgaria', ''),
(73, 'Cyprus', ''),
(74, 'Czechia', ''),
(75, 'Germany', ''),
(76, 'Denmark', ''),
(77, 'Estonia', ''),
(78, 'Greece', ''),
(79, 'Spain', ''),
(80, 'Finland', ''),
(81, 'France', ''),
(82, 'Croatia', ''),
(83, 'Hungary', ''),
(84, 'Ireland', ''),
(85, 'Italy', ''),
(86, 'Latvia', ''),
(87, 'Lithuania', ''),
(88, 'Luxembourg', ''),
(89, 'Malta', ''),
(90, 'Netherlands', ''),
(91, 'Poland', ''),
(92, 'Portugal', ''),
(93, 'Romania', ''),
(94, 'Slovakia', ''),
(95, 'Slovenia', ''),
(96, 'Sweden', '');

--
-- Indexes for dumped tables
--

--
-- Indexes for table `activity_emission_factors`
--
ALTER TABLE `activity_emission_factors`
  ADD PRIMARY KEY (`id`);

--
-- Indexes for table `air_class_multipliers`
--
ALTER TABLE `air_class_multipliers`
  ADD PRIMARY KEY (`id`);

--
-- Indexes for table `combined_emission_factors`
--
ALTER TABLE `combined_emission_factors`
  ADD PRIMARY KEY (`id`);

--
-- Indexes for table `emission_factors`
--
ALTER TABLE `emission_factors`
  ADD PRIMARY KEY (`id`);

--
-- Indexes for table `esg_personal_transportation___updated_data`
--
ALTER TABLE `esg_personal_transportation___updated_data`
  ADD PRIMARY KEY (`id`);

--
-- Indexes for table `freight`
--
ALTER TABLE `freight`
  ADD PRIMARY KEY (`id`);

--
-- Indexes for table `fuel_emission_factors_per_kg`
--
ALTER TABLE `fuel_emission_factors_per_kg`
  ADD PRIMARY KEY (`id`);

--
-- Indexes for table `fuel_source`
--
ALTER TABLE `fuel_source`
  ADD PRIMARY KEY (`id`);

--
-- Indexes for table `public_transport`
--
ALTER TABLE `public_transport`
  ADD PRIMARY KEY (`id`);

--
-- Indexes for table `public_transport_old`
--
ALTER TABLE `public_transport_old`
  ADD PRIMARY KEY (`id`);

--
-- Indexes for table `transport_emission_factors`
--
ALTER TABLE `transport_emission_factors`
  ADD PRIMARY KEY (`id`);

--
-- Indexes for table `vehicle_fuel_consumption`
--
ALTER TABLE `vehicle_fuel_consumption`
  ADD PRIMARY KEY (`id`);

--
-- Indexes for table `vehicle_pub`
--
ALTER TABLE `vehicle_pub`
  ADD PRIMARY KEY (`id`);

--
-- Indexes for table `vehicle_types`
--
ALTER TABLE `vehicle_types`
  ADD PRIMARY KEY (`id`);

--
-- Indexes for table `wp_emission`
--
ALTER TABLE `wp_emission`
  ADD PRIMARY KEY (`id`);

--
-- Indexes for table `wp_location`
--
ALTER TABLE `wp_location`
  ADD PRIMARY KEY (`id`);

--
-- AUTO_INCREMENT for dumped tables
--

--
-- AUTO_INCREMENT for table `activity_emission_factors`
--
ALTER TABLE `activity_emission_factors`
  MODIFY `id` int(11) NOT NULL AUTO_INCREMENT, AUTO_INCREMENT=8;

--
-- AUTO_INCREMENT for table `air_class_multipliers`
--
ALTER TABLE `air_class_multipliers`
  MODIFY `id` int(11) NOT NULL AUTO_INCREMENT, AUTO_INCREMENT=6;

--
-- AUTO_INCREMENT for table `combined_emission_factors`
--
ALTER TABLE `combined_emission_factors`
  MODIFY `id` int(11) NOT NULL AUTO_INCREMENT, AUTO_INCREMENT=22;

--
-- AUTO_INCREMENT for table `emission_factors`
--
ALTER TABLE `emission_factors`
  MODIFY `id` int(11) NOT NULL AUTO_INCREMENT, AUTO_INCREMENT=20;

--
-- AUTO_INCREMENT for table `esg_personal_transportation___updated_data`
--
ALTER TABLE `esg_personal_transportation___updated_data`
  MODIFY `id` int(11) NOT NULL AUTO_INCREMENT, AUTO_INCREMENT=216;

--
-- AUTO_INCREMENT for table `freight`
--
ALTER TABLE `freight`
  MODIFY `id` int(11) NOT NULL AUTO_INCREMENT, AUTO_INCREMENT=80;

--
-- AUTO_INCREMENT for table `fuel_emission_factors_per_kg`
--
ALTER TABLE `fuel_emission_factors_per_kg`
  MODIFY `id` int(11) NOT NULL AUTO_INCREMENT, AUTO_INCREMENT=5;

--
-- AUTO_INCREMENT for table `fuel_source`
--
ALTER TABLE `fuel_source`
  MODIFY `id` int(10) NOT NULL AUTO_INCREMENT, AUTO_INCREMENT=107;

--
-- AUTO_INCREMENT for table `public_transport`
--
ALTER TABLE `public_transport`
  MODIFY `id` int(11) NOT NULL AUTO_INCREMENT, AUTO_INCREMENT=80;

--
-- AUTO_INCREMENT for table `public_transport_old`
--
ALTER TABLE `public_transport_old`
  MODIFY `id` int(11) NOT NULL AUTO_INCREMENT, AUTO_INCREMENT=80;

--
-- AUTO_INCREMENT for table `transport_emission_factors`
--
ALTER TABLE `transport_emission_factors`
  MODIFY `id` int(11) NOT NULL AUTO_INCREMENT, AUTO_INCREMENT=4;

--
-- AUTO_INCREMENT for table `vehicle_fuel_consumption`
--
ALTER TABLE `vehicle_fuel_consumption`
  MODIFY `id` int(11) NOT NULL AUTO_INCREMENT, AUTO_INCREMENT=19;

--
-- AUTO_INCREMENT for table `vehicle_pub`
--
ALTER TABLE `vehicle_pub`
  MODIFY `id` int(11) NOT NULL AUTO_INCREMENT, AUTO_INCREMENT=219;

--
-- AUTO_INCREMENT for table `vehicle_types`
--
ALTER TABLE `vehicle_types`
  MODIFY `id` int(11) NOT NULL AUTO_INCREMENT;

--
-- AUTO_INCREMENT for table `wp_emission`
--
ALTER TABLE `wp_emission`
  MODIFY `id` int(20) NOT NULL AUTO_INCREMENT, AUTO_INCREMENT=1064;

--
-- AUTO_INCREMENT for table `wp_location`
--
ALTER TABLE `wp_location`
  MODIFY `id` int(10) NOT NULL AUTO_INCREMENT, AUTO_INCREMENT=97;
COMMIT;

/*!40101 SET CHARACTER_SET_CLIENT=@OLD_CHARACTER_SET_CLIENT */;
/*!40101 SET CHARACTER_SET_RESULTS=@OLD_CHARACTER_SET_RESULTS */;
/*!40101 SET COLLATION_CONNECTION=@OLD_COLLATION_CONNECTION */;
